chapter,number,category,question,answer
1,0,自然環境と人類の進化,化石人類のうち、直立二足歩行をしていたと推定される、最古の人類を何と呼ぶか。,猿人
1,0,自然環境と人類の進化,中央アフリカのチャドで発見された現在最古と考えられる700万～600万年前の化石人類を何と呼ぶか。,サヘラントロプス
1,0,自然環境と人類の進化,南・東アフリカで発見された、約420万年前に出現した「南のサル」を意味する化石人類を何と呼ぶか。,アウストラロピテクス
1,0,自然環境と人類の進化,猿人が用いたもっとも原始的な打製石器を何と呼ぶか。,礫石器
1,0,自然環境と人類の進化,約240万年前に出現した、初歩的な打製石器やハンドアックスを用いたとされる化石人類を何と呼ぶか。,原人
1,0,自然環境と人類の進化,19世紀末、ジャワ島のトリニールで発見された原人の化石を何と呼ぶか。,ジャワ原人
1,0,自然環境と人類の進化,1920〜30年代に中国の周口店で発見され、火の使用が確認されている原人の化石を何と呼ぶか。,北京原人
1,0,自然環境と人類の進化,約60万年前に出現したと推定され、剥片石器を使い、旧大陸各地から出土している化石人類を何と呼ぶか。,旧人
1,0,自然環境と人類の進化,19世紀半ばにドイツのある渓谷で発見された、代表的な旧人の名称は何か。,ネアンデルタール人
1,0,自然環境と人類の進化,旧人の発掘によって確認された、彼らの宗教的習慣は何か。,埋葬の習慣
1,0,自然環境と人類の進化,約20万年前にアフリカに出現し、５万年前頃から世界各地に広がった化石人類を何と総称するか。,新人
1,0,自然環境と人類の進化,新人のうち、４万2000年ほど前に現れ、南西フランスで発見された現生人類の化石の名称は何か。,クロマニョン人
1,0,自然環境と人類の進化,旧石器時代後期の洞穴絵画で知られる、1879年にスペイン北部で発見された遺跡の名称は何か。,アルタミラ
1,0,自然環境と人類の進化,同じく旧石器時代後期の洞穴絵画で知られる、1940年に南西フランスで発見された遺跡の名称は何か。,ラスコー
1,0,自然環境と人類の進化,中国の北京郊外で発見された、新人の名称は何か。,周口店上洞人
1,0,自然環境と人類の進化,新人が出現した旧石器時代後期から、銛・槍・針などに使われはじめた道具は何か。,骨角器
1,0,自然環境と人類の進化,新人が矢・ナイフ・鎌などの刃として使用した、小型の剥片石器を何と呼ぶか。,細石器
1,0,自然環境と人類の進化,新生代後期のうち、約260万年前から約１万1700年ほど前までの氷河時代を、地質学上では何と呼ぶか。,更新世
1,0,自然環境と人類の進化,新生代末期（約１万1700年ほど前）から現在までの、温暖化した後氷期を、地質学上では何と呼ぶか。,完新世
1,0,自然環境と人類の進化,文法的類似性に基づいて分類される、共通の祖語をもつ言語の集まりを何というか。,語族
1,1,文明の誕生,前１万年頃から前4000年頃にかけて、世界各地で始まった食料生産方法は何と何か。,農耕・牧畜
1,1,文明の誕生,約１万年前から人類は磨製石器を使用する時代に移行したが、この時代を何時代と呼ぶか。,新石器時代
1,1,文明の誕生,村落から都市の成立に向かうころ、水を人工的に供給する農業が開始された。この農業を何と呼ぶか。,灌漑農業
1,1,文明の誕生,金属器時代、支配階級の居住する都市が周辺地域を支配する、最初の国家形態がうまれた。これを何と呼ぶか。,都市国家
1,1,文明の誕生,国家の成立とほぼ同じころ、人類は言語を記録するために、あるものを発明した。それは何か。,文字
1,1,文明の誕生,旧石器時代の獲得経済から、新石器時代になると何経済に移行したか。,生産経済
1,1,文明の誕生,農耕文明が早くから成立したメソポタミアの地帯を何と呼ぶか。,肥沃な三日月地帯
1,2,オリエント,ラテン語で「日の昇るところ」を意味し、古代文明が栄えた地域を指す言葉は何か。,オリエント
1,2,オリエント,メソポタミア文明を支えた二つの大河のうち、東側にある河川の名称は何か。,ティグリス川
1,2,オリエント,言語系統は不詳だが、メソポタミア南部に最古の文明を築いた人びとの名称は何か。,シュメール人
1,2,オリエント,シュメール人が建設した都市国家を２つ答えよ。,ウル、ウルク、ラガシュ、ウガリットなど
1,2,オリエント,古代メソポタミアの都市国家で建設された、煉瓦で造られ、基壇の上に神殿が建っていた聖塔を何と呼ぶか。,ジッグラト
1,2,オリエント,シュメール人が粘土板に刻んだ文字は何か。,楔形文字
1,2,オリエント,シュメール人の都市国家を征服し、初の領域国家を建てたセム語系の人びとの名称は何か。,アッカド人
1,2,オリエント,前24世紀頃、メソポタミア最初の統一国家であるアッカド王国を建てた王は誰か。,サルゴン１世
1,2,オリエント,メソポタミアに進出し、前19世紀初めにバビロン第１王朝を建てたセム語系遊牧民は何か。,アムル人
1,2,オリエント,バビロン第１王朝６代王が作成させた、全282条からなる法典の名称は何か。,ハンムラビ法典
1,2,オリエント,ハンムラビ法典の復讐法的性格を端的に表す、有名な成句は何か。,目には目を、歯には歯を
1,2,オリエント,小アジアに王国を建て、鉄製武器を使用して、バビロン第１王朝を滅ぼした印＝欧語系の民族は何か。,ヒッタイト人
1,2,オリエント,メソポタミア北部からシリアを制圧して栄えた、住民の多くをフルリ人が占めていた王国の名称は何か。,ミタンニ王国
1,2,オリエント,シュメールに始まり、古代メソポタミアで広く用いられた、月の満ち欠けの周期を基準とする暦は何か。,太陰暦
1,2,オリエント,シュメール人が発明した、天文学・角度・時間の単位となった記数法は何進法か。,六十進法
1,3,エジプトの統一国家,古代ギリシアの歴史家ヘロドトスが著書『歴史』に書いた、古代エジプトの繁栄を表現したことばは何か。,エジプトはナイルのたまもの
1,3,エジプトの統一国家,「大きな家」を意味する、古代エジプトの王の称号を何と呼ぶか。,ファラオ
1,3,エジプトの統一国家,古王国時代のエジプトの首都はどこか。,メンフィス
1,3,エジプトの統一国家,ギザに最大のピラミッドを建設させた、古王国第４王朝の王は誰か。,クフ王
1,3,エジプトの統一国家,中王国末期にシリア方面から流入し、その滅亡後に下エジプトを支配したアジア系民族を何と呼ぶか。,ヒクソス
1,3,エジプトの統一国家,中王国・新王国時代のエジプトの首都はどこか。,テーベ
1,3,エジプトの統一国家,中王国・新王国時代のエジプトの首都の都市神として信仰されていた神は何か。,アメン
1,3,エジプトの統一国家,唯一神アテンの信仰を強制する宗教改革を行った、第18王朝の王は誰か（改名前）。,アメンヘテプ４世
1,3,エジプトの統一国家,アメンヘテプ４世は、首都をテーベからどこに移したか。,テル＝エル＝アマルナ
1,3,エジプトの統一国家,アメンヘテプ４世は、自らの名前をどう改名したか。,アクエンアテン
1,3,エジプトの統一国家,アマルナ美術の特徴は何か。〇〇的という形で答えなさい。,写実的
1,3,エジプトの統一国家,死後の世界の案内書として、オシリスの審判を受けるために必要な呪文を記した副葬品は何か。,『死者の書』
1,3,エジプトの統一国家,古代エジプトで使用されていた記数法は何進法か。,十進法
1,3,エジプトの統一国家,ヒエログリフと称される、神殿・墓などに刻まれたエジプトの象形文字を何と呼ぶか。,神聖文字
1,3,エジプトの統一国家,ロゼッタ＝ストーンのギリシア文字により、神聖文字を解読した19世紀のフランス人学者は誰か。,シャンポリオン
1,4,東地中海の諸民族,ヒッタイト滅亡やエジプト弱体化の要因となった、民族系統不明の諸民族集団の総称は何か。,海の民
1,4,東地中海の諸民族,前13世紀頃から、シリア地方を中心に内陸交易で活躍したセム語系遊牧民は何か。,アラム人
1,4,東地中海の諸民族,シリアの中心都市で、アラム人の交易活動の拠点として栄えた都市はどこか。,ダマスクス
1,4,東地中海の諸民族,地中海東岸に多くの都市国家を建て、前12世紀頃から地中海交易を独占しはじめたセム語系民族は何か。,フェニキア人
1,4,東地中海の諸民族,フェニキア人が建設した都市国家を２つ答えなさい。,シドン、ティルス、ベリトスなど
1,4,東地中海の諸民族,ティルスが建設した、北アフリカのフェニキア人植民都市はどこか。,カルタゴ
1,4,東地中海の諸民族,アルファベットの起源となり、西方系文字の源流となった、セム語系の表音文字は何か。,フェニキア文字
1,4,東地中海の諸民族,パレスチナに移住・定着し、またその一部がエジプトへ移住したセム語系民族の名称のうち、他称は何か。,ヘブライ人
1,4,東地中海の諸民族,前13世紀頃に「出エジプト」を指導した、ヘブライ人の伝説的預言者は誰か。,モーセ
1,4,東地中海の諸民族,神が預言者モーセに与えたとされる律法のこと何というか。,十戒
1,4,東地中海の諸民族,ダヴィデ王によって定められた、イスラエル王国の都はどこか。,イェルサレム
1,4,東地中海の諸民族,王国の首都に神殿を建設した、イスラエル王国の第３代国王は誰か。,ソロモン
1,4,東地中海の諸民族,ユダ王国の滅亡の際、新バビロニアが住民の多くを強制移住させた出来事は何と呼ばれるか。,バビロン捕囚
1,4,東地中海の諸民族,ユダヤ教の唯一神の名称は何か。,ヤハウェ
1,4,東地中海の諸民族,ユダヤ教の特色の１つである、自民族だけが救われるとする排他的な思想のことを何というか。,選民思想
1,4,東地中海の諸民族,民族が苦境に陥ったとき、民族を破滅から救う者が現れるとする思想があるが、その救う者を何と呼ぶか。,救世主（メシア）
1,4,東地中海の諸民族,ユダヤ教の教典は何か。,『旧約聖書』
1,5,エーゲ文明・オリエントの統一と分裂,前3000-前1200年頃にかけてエーゲ海を中心に成立した青銅器文明の総称を何というか。,エーゲ文明
1,5,エーゲ文明・オリエントの統一と分裂,クレタ文明の中心地で、壮大な宮殿が発掘された場所はどこか。,クノッソス
1,5,エーゲ文明・オリエントの統一と分裂,クレタ文明の宮殿跡を発掘したイギリスの考古学者は誰か。,エヴァンズ
1,5,エーゲ文明・オリエントの統一と分裂,明るく開放的で写実的な特徴を持つ文明は、クレタ文明、ミケーネ文明のどちらか。,クレタ文明
1,5,エーゲ文明・オリエントの統一と分裂,バルカン半島から南下してクレタ文明を滅亡させたのは何人か。,アカイア人
1,5,エーゲ文明・オリエントの統一と分裂,ミケーネ文明・トロイア文明を発掘したドイツの考古学者は誰か。,シュリーマン
1,5,エーゲ文明・オリエントの統一と分裂,支配者が農民や商人から強制的に徴税・徴発した、ミケーネ文明の支配体制は何と呼ばれるか。,貢納王政
1,5,エーゲ文明・オリエントの統一と分裂,線文字Bを解読したイギリス人は誰か。,ヴェントリス
1,5,エーゲ文明・オリエントの統一と分裂,「海の民」の侵入なども背景に、史料が多く残存していない前12-前8世紀頃の時代をなんと呼ぶか。,暗黒(初期鉄器)時代
1,5,エーゲ文明・オリエントの統一と分裂,アッシリア王国の最大版図を達成し、首都に大図書館を作った国王は誰か。,アッシュルバニパル
1,5,エーゲ文明・オリエントの統一と分裂,アッシリア王国の首都はどこか。,ニネヴェ
1,5,エーゲ文明・オリエントの統一と分裂,アッシリアの分裂後に、小アジア南西部で栄え、世界最古の金属貨幣を使用した国は何か。,リディア
1,5,エーゲ文明・オリエントの統一と分裂,エジプト新王国の滅亡後、前10世紀後半-後４世紀頃にかけて、ナイル川上流に続いた黒人王国は何か。,クシュ王国
1,5,エーゲ文明・オリエントの統一と分裂,紀元前後頃エチオピア高原に成立し、キリスト教（単性論）を国教とした国は何か。,アクスム王国
1,6,南アジアの古代文明,インド北西部を流れる大河は何か。,インダス川
1,6,南アジアの古代文明,遺跡ハラッパーがある、アーリヤ人が最初に定住したインダス川中流域は何地方か。,パンジャーブ地方
1,6,南アジアの古代文明,インダス文明の建設者と推測され、現在は南インドを中心に分布している先住民は何人か。,ドラヴィダ人
1,6,南アジアの古代文明,インドと西アジアを結ぶ交通の要衝で、アフガニスタンとパキスタンを結ぶ峠の名称は何か。,カイバル峠
1,6,南アジアの古代文明,ヴェーダのうち、神々への賛歌を集めた、最古の聖典の名称は何か。,『リグ＝ヴェーダ』
1,6,南アジアの古代文明,古代インドで、4つの身分に分類され、それぞれに職業等が厳格に定められていた身分制度を何というか。,ヴァルナ制
1,6,南アジアの古代文明,古代インドにおいて、宗教儀式を司る、最上位の司祭階層を何と呼ぶか。,バラモン
1,6,南アジアの古代文明,古代インドにおいて、貴族・武人階層を何と呼ぶか。,クシャトリヤ
1,6,南アジアの古代文明,古代インドにおいて、農民・商人などの庶民階層を何と呼ぶか。,ヴァイシャ
1,6,南アジアの古代文明,古代インドにおいて、被征服民を中心とする隷属民階層を何と呼ぶか。,シュードラ
1,6,南アジアの古代文明,古代インドにおいて、職業や出身によって細かく分かれた世襲的な社会集団を何というか。,ジャーティ集団
1,6,南アジアの古代文明,動物の図柄とインダス文字が刻まれている印鑑・ハンコを何と呼ぶか。,印章
1,6,南アジアの古代文明,インダス文字は解読済みであるか、未解読であるか。,未解読
1,7,中国の古代文明,中国において、稲作により適しているのは黄河か長江か。,長江
1,7,中国の古代文明,前5000年頃から黄河中流域におこった文明のうち、最古の新石器文化は何と呼ばれるか。,仰韶文化
1,7,中国の古代文明,黄河文明のうち、彩文土器が作られていた文化は何か。,仰韶文化
1,7,中国の古代文明,前2500年頃から黄河下流域を中心におこった新石器時代後期の文化は、何と呼ばれるか。,竜山文化
1,7,中国の古代文明,古代中国で前3000年以降しだいに形成された、集落や都市を意味する用語は何か。,邑
1,7,中国の古代文明,前6000年頃までに始まっていた稲作文明のうち、長江下流域で栄えた文明は何か。,河姆渡文化
1,7,中国の古代文明,禹に始まるとされ、国際的には実在が確認されていない最古の王朝は何か。,夏
1,7,中国の古代文明,前16世紀頃から存在した、現在中国最古の王朝とされている王朝は何か。,殷（商）
1,7,中国の古代文明,河南省安陽市を中心に発見された、殷の都の遺跡は何と呼ばれるか。,殷墟
1,7,中国の古代文明,亀甲や獣骨に刻まれた、漢字の原型とされる文字は何か。,甲骨文字
1,7,中国の古代文明,西周の首都はどこか。,鎬京
1,7,中国の古代文明,西周の都などがあった、中国北西部の盆地はどこか。,渭水盆地
1,7,中国の古代文明,中国で、天命が失われた王朝は滅び、徳のある一族が新たに王朝を興すとする政治理念を何というか。,易姓革命
1,7,中国の古代文明,西周も実施した、土地を媒介とした主従関係に基づく支配制度のことを何というか。,封建制
1,7,中国の古代文明,西周において、王や諸侯の世襲の家臣は何と呼ばれたか、三種答えなさい。,卿・大夫・士
1,7,中国の古代文明,同性の親族集団において守るべき規範は、何と呼ばれたか。,宗法
1,8,春秋・戦国時代,前8世紀ごろ、周の東遷の原因となった、西方から侵入してきた遊牧民は何か。,犬戎
1,8,春秋・戦国時代,東周の首都はどこか。,洛邑
1,8,春秋・戦国時代,春秋時代、周王に代わって会盟を開催した有力諸侯のことを何と呼ぶか。,覇者
1,8,春秋・戦国時代,商鞅を登用して法家の改革を進め、戦国時代の秦の強国化の基礎を築いた君主は誰か。,孝公
1,8,春秋・戦国時代,秦の首都はどこか。,咸陽
1,8,春秋・戦国時代,戦国時代、秦の孝公に支えて法家の人物は誰か。,商鞅
1,8,春秋・戦国時代,戦国の七雄のうち、二カ国答えなさい（全問題文に載っているものを除く）,秦/楚/斉/燕/趙/魏/韓
1,8,春秋・戦国時代,文明化された自国に対し、周辺の民族を野蛮な民族・国とみなした思想を何と呼ぶか。,華夷思想
1,9,春秋・戦国時代の社会と文化,春秋・戦国時代に導入された、鉄製の犁を牛にひかせた耕作法は何か。,牛耕
1,9,春秋・戦国時代の社会と文化,農具の形をした青銅貨幣の名称は何か。,布銭
1,9,春秋・戦国時代の社会と文化,南方の楚で使用された小型の青銅貨幣の名称は何か。,蟻鼻銭
1,9,春秋・戦国時代の社会と文化,春秋時代末期から現れた、様々な思想家や諸学派を何と総称するか。,諸子百家
1,9,春秋・戦国時代の社会と文化,四書の一つで、孔子の死後、弟子によって編纂された、彼とその弟子の言行録は何か。,『論語』
1,9,春秋・戦国時代の社会と文化,性悪説をとなえ、礼による教化を説いた儒家の思想家は誰か。,荀子
1,9,春秋・戦国時代の社会と文化,性善説を唱えた儒家の思想家は誰か。,孟子
1,9,春秋・戦国時代の社会と文化,始皇帝のもと丞相として支えた法家の人物は誰か。,李斯
1,9,春秋・戦国時代の社会と文化,墨子が唱えた、無差別の愛を指す語、戦争を否定する語をそれぞれ答えなさい。,兼愛・非攻
1,9,春秋・戦国時代の社会と文化,道家の根本思想を指す、人為を否定し天の道に従うという考え方を何というか。,無為自然
1,9,春秋・戦国時代の社会と文化,６国が同盟して秦に対抗する合従策をとなえたのは誰か。,蘇秦
1,9,春秋・戦国時代の社会と文化,秦王の信任を得て、連衡策をとなえた人物は誰か。,張儀
1,10,南北アメリカ文明,アンデス地方原産の食物で、天候や戦争の被害を受けにくく、ヨーロッパで広く普及したイモ類は何か。,ジャガイモ
1,10,南北アメリカ文明,南北アメリカ大陸の古代文明の基礎となった穀物は何か。,トウモロコシ
1,10,南北アメリカ文明,アメリカ大陸で飼育されている家畜の例を１つ挙げなさい。,リャマ/アルパカ
1,10,南北アメリカ文明,前1200年頃までにメキシコ湾岸に成立した、巨石人頭像や絵文字をもつ中央アメリカ最初の都市文明は何か。,オルメカ文明
1,10,南北アメリカ文明,前４世紀頃ユカタン半島の各地に都市が成立して栄え、その後16世紀にスペイン人に征服された文明は何か。,マヤ文明
1,10,南北アメリカ文明,マヤ文明で採用された記数法は何進法か。,二十進法
1,10,南北アメリカ文明,前１〜後６世紀頃に、メキシコ高原で発達した、「神々の家」という意味を持つ古代都市文明は何か。,テオティワカン文明
1,10,南北アメリカ文明,15世紀にメキシコ高原に栄え、テノチティトランを都とし、神への生贄を伴う宗教儀式で知られた文明は何か。,アステカ文明
1,10,南北アメリカ文明,前1000年頃北部ペルーに形成された、初期のアンデス文明は何か。,チャビン文化
1,10,南北アメリカ文明,とくに15〜16世紀前半までクスコを都にアンデス地帯で栄えた、ケチュア人の建てた帝国は何か。,インカ帝国
1,10,南北アメリカ文明,文字のなかったインカ帝国で、縄の結び方で意味や数量を示した方法を何と呼ぶか。,キープ
1,10,南北アメリカ文明,インカ帝国首都北方の標高2400mの山岳地帯に建てられ、高い文化レベルをうかがわせた都市はどこか。,マチュピチュ
2,11,中央ユーラシア：草原とオアシスの世界,とくに「オアシスの道」で、ラクダや馬を利用した商人がグループをつくって行った長距離交易は何か。,隊商交易
2,11,中央ユーラシア：草原とオアシスの世界,様々な遊牧民が活動した、南ロシアの草原地帯からモンゴル高原にかけての東西交通路を何と呼ぶか。,草原の道
2,11,中央ユーラシア：草原とオアシスの世界,独自の騎馬文化を生み、前７世紀頃から南ロシアの草原地帯を支配したイラン系遊牧民の名称は何か。,スキタイ
2,11,中央ユーラシア：草原とオアシスの世界,騎馬文化を取り入れ、前３世紀末からモンゴル高原で活躍した、民族系統不明の遊牧民の名称は何か。,匈奴
2,11,中央ユーラシア：草原とオアシスの世界,前３世紀末に匈奴を統率し、前漢の高祖を白頭山の戦いで撃破した君主は誰か。,冒頓単于
2,11,中央ユーラシア：草原とオアシスの世界,前２世紀前半に匈奴の圧迫を受けてイリ地方に逃れた、イラン系といわれる騎馬遊牧民は何か。,月氏
2,11,中央ユーラシア：草原とオアシスの世界,前漢が匈奴に対抗するために同盟を結んだ、イリ地方を拠点とした遊牧民は何か。,烏孫
2,11,中央ユーラシア：草原とオアシスの世界,２世紀半ばに諸部族を統合してモンゴル高原を支配し、その後華北に進出して北魏を建国した遊牧民は何か。,鮮卑
2,11,中央ユーラシア：草原とオアシスの世界,４世紀末～５世紀に内陸アジアからヨーロッパへ西進し、ゲルマン人大移動の要因となった騎馬遊牧民は何か。,フン人
2,11,中央ユーラシア：草原とオアシスの世界,パミール高原東部に広がり、古くからオアシス都市が点在していた中国西部の盆地はどこか。,タリム盆地
2,11,中央ユーラシア：草原とオアシスの世界,東西交易の要地として争奪が繰り返された、アム川とシル川にはさまれたパミール高原西部の地域名称は何か。,ソグディアナ
2,11,中央ユーラシア：草原とオアシスの世界,草原の道と並び、タリム盆地周辺のオアシス都市を経由して中国と西方を結んだルートを何というか。,オアシスの道
2,12,秦の統一と前漢,戦国時代を勝ち抜き、秦として中国を統一し、始皇帝と名乗った秦の王は誰か。,政
2,12,秦の統一と前漢,秦が中国を統一したのは西暦何年か。,(紀元)前221年
2,12,秦の統一と前漢,始皇帝のもと、丞相として仕えた法家の人物は誰か。,李斯
2,12,秦の統一と前漢,中央集権化のため、秦が施行した地方統治制度は何か。,郡県制
2,12,秦の統一と前漢,秦が定めた統一貨幣の名称は何か。,半両銭
2,12,秦の統一と前漢,秦で実施された思想・言論統制策は何と呼ばれたか。,焚書・坑儒
2,12,秦の統一と前漢,秦末に成立し武帝の時代に滅ぼされた、現在の広東省からベトナム北部にあった国の名称は何か。,南越国
2,12,秦の統一と前漢,秦末に発生した、中国史上最初の農民反乱の名称は何か。,陳勝・呉広の乱
2,12,秦の統一と前漢,農民出身で、漢を建てて中国を再統一した人物は誰か。,劉邦
2,12,秦の統一と前漢,農民反乱を機に挙兵し、秦を滅ぼした後、垓下の戦いで敗れた、楚の名門出身の武将は誰か。,項羽
2,12,秦の統一と前漢,前漢の首都はどこか。,長安
2,12,秦の統一と前漢,陳勝・呉広の乱の際、陳勝が発したとされる、身分制度への反発を表す言葉は何か。,「王侯将相いずくんぞ種あらんや」
2,12,秦の統一と前漢,前漢の高祖が施行した、郡県制と封建制を併用した地方統治制度の名称は何か。,郡国制
2,12,秦の統一と前漢,前154年、江南を中心とする七諸侯がおこした反乱で、鎮圧後、中央集権化が進められる契機となったものは何か。,呉楚七国の乱
2,12,秦の統一と前漢,前漢時代、儒教の官学化を武帝に献策した儒学者は誰か。,董仲舒
2,12,秦の統一と前漢,前漢の武帝のとき制定された官吏任用制度の名称は何か。,郷挙里選
2,12,秦の統一と前漢,匈奴をはさみ打ちする目的で、武帝によって大月氏に派遣された人物は誰か。,張騫
2,12,秦の統一と前漢,武帝が西域に設置した河西４郡のうち、もっとも西におかれた郡の名称は何か。,敦煌郡
2,12,秦の統一と前漢,武帝の時代に滅ぼされた、朝鮮の国名は何か。,衛氏朝鮮
2,12,秦の統一と前漢,武帝が施行した、特産物を強制的に貢納させ、これを不足地に転売した物価調整策は何か。,均輸
2,12,秦の統一と前漢,武帝が施行した、物価の低いときに余剰産品を政府が購入し、高くなったときに売り出す物価安定策は何か。,平準
2,12,秦の統一と前漢,前漢の武帝が財政再建のために専売化した、２つの物品名は何か。,塩・鉄
2,12,秦の統一と前漢,武帝が鋳造させた銅銭の名称は何か。,五銖銭
2,13,後漢と漢代の社会・文化,前漢の外戚出身で、皇帝の位を奪って新を建てたが、各地の反乱により滅ぼされた人物は誰か。,王莽
2,13,後漢と漢代の社会・文化,新の復古的政治に不満な人びとがおこした反乱のうち、山東地方から始まった農民反乱は何か。,赤眉の乱
2,13,後漢と漢代の社会・文化,後25年に漢王朝（後漢）を再建した、漢王室一族の人物（初代皇帝）は誰か。,劉秀（光武帝）
2,13,後漢と漢代の社会・文化,後漢の都はどこか。,洛陽
2,13,後漢と漢代の社会・文化,１世紀末、後漢の和帝によって西域都護に任命された人物は誰か。,班超
2,13,後漢と漢代の社会・文化,班超によって、ローマ帝国への派遣を命じられた部下は誰か。,甘英
2,13,後漢と漢代の社会・文化,２世紀後半、後漢に使者を派遣したローマ皇帝マルクス＝アウレリウス＝アントニヌスの中国表記は何か。,大秦王安敦
2,13,後漢と漢代の社会・文化,２世紀後半におこった、宦官の専横に反対する儒学者官僚を、宦官が弾圧した事件を何と呼ぶか。,党錮の禁
2,13,後漢と漢代の社会・文化,後漢末の184年におこった農民反乱は何か。,黄巾の乱
2,13,後漢と漢代の社会・文化,曹操の子で、後漢の皇帝から禅譲され、魏の初代皇帝となった人物は誰か。,曹丕
2,13,後漢と漢代の社会・文化,儒教古典の字句解釈を目的とした学問を何と呼ぶか。,訓詁学
2,13,後漢と漢代の社会・文化,司馬遷が黄帝から前漢の武帝までの事績を記した正史の名称は何か。,『史記』
2,13,後漢と漢代の社会・文化,『史記』に始まる、中国正史の記述形式は何か。,紀伝体
2,13,後漢と漢代の社会・文化,製紙法を改良したとされる、後漢の宦官は誰か。,蔡倫
2,14,魏晋南北朝時代,国家財政を確立するため、魏の曹操が、荒廃地を国有化して流民や一般農民に耕作させた制度は何か。,屯田制
2,14,魏晋南北朝時代,現在の南京の前身となった、呉の都はどこか。,建業
2,14,魏晋南北朝時代,222年に江南で独立し、呉を建てた人物は誰か。,孫権
2,14,魏晋南北朝時代,漢の後裔を称し、四川地方に蜀を建てた人物は誰か。,劉備
2,14,魏晋南北朝時代,蜀の都はどこか。,成都
2,14,魏晋南北朝時代,魏の武将で、禅譲されて265年に皇帝となり、呉を滅ぼして中国をいったん統一した人物は誰か。,司馬炎
2,14,魏晋南北朝時代,西晋が中国を統一したのは西暦何年か。,280年
2,14,魏晋南北朝時代,司馬炎の死後、290年から始まった一族諸王による内乱は何か。,八王の乱
2,14,魏晋南北朝時代,八王の乱ののち、４世紀に入り匈奴が中心となっておこし、西晋を滅ぼした兵乱は何と呼ばれるか。,永嘉の乱
2,14,魏晋南北朝時代,東晋は建業を改称して都とした。その名称は何か。,建康
2,14,魏晋南北朝時代,西晋滅亡後、江南に逃れて東晋を建てた人物は誰か。,司馬睿
2,14,魏晋南北朝時代,東晋末の混乱を収めて皇帝となり、南朝宋を建てた軍人出身の人物は誰か。,劉裕
2,14,魏晋南北朝時代,北魏を建国した鮮卑の氏族名は何か。,拓跋氏
2,14,魏晋南北朝時代,北魏が439年に華北を統一した時の皇帝は誰か。,太武帝
2,14,魏晋南北朝時代,５世紀後半に漢化政策を実施した第６代皇帝は誰か。,孝文帝
2,14,魏晋南北朝時代,北魏の後期、拓跋氏による漢化政策に不満を持った辺境の軍事拠点で発生した反乱は何か。,六鎮の乱
2,14,魏晋南北朝時代,東晋の滅亡後、江南を支配した4つの王朝を建国順に答えなさい。,宋・斉・梁・陳
2,14,魏晋南北朝時代,三国の魏の文帝（曹丕）が始めた、地方に役人を派遣し、中央に人材を推薦させた官吏登用制度は何か。,九品中正
2,14,魏晋南北朝時代,北魏に始まり、隋以降の中国王朝に継承された土地制度は何か。,均田制
2,15,魏晋南北朝時代の文化・朝鮮・日本の国家形成,魏・晋時代に流行した、老荘思想に基づき、世俗を超越した表現で行われた哲学的論議を何と呼ぶか。,清談
2,15,魏晋南北朝時代の文化・朝鮮・日本の国家形成,４世紀初め洛陽に来て仏教を広めた、西域のクチャ（亀茲）出身の僧は誰か。,仏図澄
2,15,魏晋南北朝時代の文化・朝鮮・日本の国家形成,５世紀初め長安に来て仏典の漢訳と教理の中国定着に大きく貢献した、父がインド人のクチャ出身の僧は誰か。,鳩摩羅什
2,15,魏晋南北朝時代の文化・朝鮮・日本の国家形成,４世紀末に長安から陸路でインドへ向かい、海路で帰国し『仏国記』を著した東晋時代の僧は誰か。,法顕
2,15,魏晋南北朝時代の文化・朝鮮・日本の国家形成,北魏前半の都である平城の西に位置し、石窟寺院が造営されたのはどこか。,雲崗
2,15,魏晋南北朝時代の文化・朝鮮・日本の国家形成,北魏の遷都後から石窟寺院の造営が開始された、洛陽南方の地はどこか。,竜門
2,15,魏晋南北朝時代の文化・朝鮮・日本の国家形成,北魏の太武帝に重用され、新天師道を確立し、道教を大成させた人物は誰か。,寇謙之
2,15,魏晋南北朝時代の文化・朝鮮・日本の国家形成,「帰去来辞」で知られる、東晋の田園詩人は誰か。,陶淵明
2,15,魏晋南北朝時代の文化・朝鮮・日本の国家形成,南朝梁の武帝の長子で、詩文にすぐれ、『文選』を編纂したのは誰か。,昭明太子
2,15,魏晋南北朝時代の文化・朝鮮・日本の国家形成,「書聖」と称され、「蘭亭序」で名高い東晋の書家は誰か。,王羲之
2,15,魏晋南北朝時代の文化・朝鮮・日本の国家形成,女官へのいましめを書いた作品を題材として、顧愷之が描いたとされる作品は何か。,『女史箴図』
2,15,魏晋南北朝時代の文化・朝鮮・日本の国家形成,４世紀末〜５世紀初め、朝鮮半島南部に進出し、倭とも戦い破ったとされる、高句麗の最盛期の王は誰か。,広開土王
2,15,魏晋南北朝時代の文化・朝鮮・日本の国家形成,４世紀半ば、半島南西部に分立していた三韓の国々を統一して成立した国はどこか。,百済
2,15,魏晋南北朝時代の文化・朝鮮・日本の国家形成,４世紀半ば、半島南東部に分立していた三韓の国々を統一して成立した国はどこか。,新羅
2,15,魏晋南北朝時代の文化・朝鮮・日本の国家形成,『魏志』倭人伝に記述されている、邪馬台国の女王の名前は何か。,卑弥呼
2,15,魏晋南北朝時代の文化・朝鮮・日本の国家形成,周辺諸国の君主が、中国皇帝の権威を認めて使者を送り、貢物を献上する形式的な外交儀礼を何というか。,朝貢
2,16,隋と唐初,北周の外戚だが、禅譲により隋の初代皇帝（文帝）として即位したのは誰か。,楊堅
2,16,隋と唐初,隋の都はどこか。,大興城
2,16,隋と唐初,隋が中国を統一したのは西暦何年か。,589年
2,16,隋と唐初,貴族の高級官僚独占を防ぎ中央集権化をめざす目的で隋で開始された、科目試験による官吏登用制度は何か。,科挙
2,16,隋と唐初,隋の二代目皇帝は誰か。,煬帝
2,16,隋と唐初,隋の二代目皇帝により、三度遠征軍を送り三度失敗した遠征先はどこか。,高句麗
2,16,隋と唐初,唐の建国年は西暦何年か。,618年
2,16,隋と唐初,唐の都はどこか。,長安
2,16,隋と唐初,唐の建国者は誰か。,李淵（高祖）
2,16,隋と唐初,盛時を現出した太宗の治世を、後世になって元号でたたえたことばは何か。,貞観の治
2,16,隋と唐初,周辺国家を服属させ、唐の最大版図を実現した第３代皇帝は誰か。,高宗
2,16,隋と唐初,唐が周辺諸民族の統治のため６つ設置した機関は何か。,都護府
2,16,隋と唐初,中央から役人を派遣し、そのもとで在地の族長を任命して、周辺民族を間接統治した中国歴代王朝の政策を何と呼ぶか。,羈縻政策
2,16,隋と唐初,唐代に整備された法体系で、刑法・行政法・補足法・施行細則にそれぞれあたるものをそれぞれ何というか。,律・令・格・式
2,16,隋と唐初,三省のうち、詔勅の立案起草を担当した機関は何か。,中書省
2,16,隋と唐初,三省のうち、立案された詔勅や奏文の審議を担当した機関は何か。,門下省
2,16,隋と唐初,三省のうち、成立した詔勅を執行する行政機関は何か。,尚書省
2,16,隋と唐初,六部のうち、教育・祭祀・科挙を担当したのはどこか。,礼部
2,16,隋と唐初,秦代から用いられてきた呼称で、中国での官吏監察機関の名称は何か。,御史台
2,16,隋と唐初,隋で始まり、唐で確立された地方行政区画制度は何か。,州県制
2,16,隋と唐初,楊堅が整備し、唐でも採用された、西魏に始まる兵制は何か。,府兵制
2,17,唐の文化,広州とならんで、ムスリム商人が来航し彼らの居留地がおかれた、大運河沿いの江蘇省の港市はどこか。,揚州
2,17,唐の文化,玄宗時代、広州に初めて設置された、海上貿易管理機関の名称は何か。,市舶司
2,17,唐の文化,太宗の勅命で『隋書』や五経の注釈書を編纂した儒学者は誰か。,孔穎達
2,17,唐の文化,孔穎達らが編纂した、五経の統一的な注釈書は何か。,『五経正義』
2,17,唐の文化,北魏のころ伝わった、ゾロアスター教（拝火教）の中国名は何か。,祆教
2,17,唐の文化,ササン朝にて、ゾロアスター教・仏教・キリスト教が融合して成立し、唐に伝わった宗教は何か。,マニ教
2,17,唐の文化,唐の太宗時代、布教を許されたネストリウス派キリスト教の中国名は何か。,景教
2,17,唐の文化,唐代の初め、往復とも陸路でインドに赴き、『大唐西域記』を著した中国僧は誰か。,玄奘
2,17,唐の文化,７世紀後半、往復とも海路でインドに赴き、『南海寄帰内法伝』を著した中国僧は誰か。,義浄
2,17,唐の文化,安史の乱のとき粛宗の弟の反乱に加担し、一時流罪となったこともある、「詩仙」と称された唐中期の詩人は誰か。,李白
2,17,唐の文化,「春望」など社会の現実をうたった作品が多く、のちに「詩聖」と称された唐中期の詩人は誰か。,杜甫
2,17,唐の文化,玄宗と楊貴妃の悲恋をうたった「長恨歌」や『白氏文集』などが有名な、唐後期の詩人は誰か。,白居易
2,17,唐の文化,唐代中期に古文復興運動を唱え、儒教的思想の復権を目指した人物を2人挙げなさい。,柳宗元・韓愈
2,17,唐の文化,楷書・草書に力強い書風を開くいっぽう、安史の乱の際に義勇軍を率いて抗戦した、唐中期の書家は誰か。,顔真卿
2,17,唐の文化,玄宗に仕え、線の太さで量感や立体感を表す新技術を生み出した、唐中期の画家は誰か。,呉道玄
2,17,唐の文化,副葬品に多く使用された、緑・黄・白などの彩色をほどこした唐代の陶器の名称は何か。,唐三彩
2,18,唐と近隣諸国・唐の変容と五代,７世紀にラサを都に成立したチベットの王国に対する、中国側の呼称は何か。,吐蕃
2,18,唐と近隣諸国・唐の変容と五代,吐蕃の建国者は誰か。,ソンツェン＝ガンポ
2,18,唐と近隣諸国・唐の変容と五代,チベット固有の大乗仏教であるチベット仏教の別名を答えなさい。,ラマ教
2,18,唐と近隣諸国・唐の変容と五代,唐や大陸各地の文化の影響を受けた、国際色豊かな奈良時代日本の文化の名称は何か。,天平文化
2,18,唐と近隣諸国・唐の変容と五代,新羅の首都はどこか。,慶州
2,18,唐と近隣諸国・唐の変容と五代,新羅の首都の東南に残る、代表的な仏教寺院の名称は何か。,仏国寺
2,18,唐と近隣諸国・唐の変容と五代,新羅の王族と一般貴族だけを対象とした、特権的な氏族的身分制を何と呼ぶか。,骨品制
2,18,唐と近隣諸国・唐の変容と五代,７世紀末、中国東北地方の東部を中心に靺鞨人と高句麗の遺民によって建てられた国は何か。,渤海
2,18,唐と近隣諸国・唐の変容と五代,渤海の建国者は誰か。,大祚栄
2,18,唐と近隣諸国・唐の変容と五代,７世紀末、病身の高宗に代わって政権を握った、中国史上で唯一の女帝は誰か。,則天武后(武則天)
2,18,唐と近隣諸国・唐の変容と五代,則天武后の即位で成立した国号は何か。,周
2,18,唐と近隣諸国・唐の変容と五代,玄宗の治世の前半の盛時を、後世にほめ称えたことばは何か。,開元の治
2,18,唐と近隣諸国・唐の変容と五代,均田制の崩壊にともない、749年に全面的に廃止された府兵制に代わった兵制の名称は何か。,募兵制
2,18,唐と近隣諸国・唐の変容と五代,玄宗のとき、周辺異民族にそなえて辺境10地区に設置された募兵軍団の指揮官を何と呼ぶか。,節度使
2,18,唐と近隣諸国・唐の変容と五代,玄宗の晩年の愛妃は誰か。,楊貴妃
2,18,唐と近隣諸国・唐の変容と五代,755〜763年、安禄山を中心に、唐を動揺させた反乱は何と呼ばれているか。,安史の乱
2,18,唐と近隣諸国・唐の変容と五代,徳宗時代の780年、租調庸制に代わって実施された、夏秋２回、現住地で銭納させる新税制は何か。,両税法
2,18,唐と近隣諸国・唐の変容と五代,安史の乱後、国内各地におかれた節度使が中央政府から自立するようになると、何と呼ばれるようになったか。,藩鎮
2,18,唐と近隣諸国・唐の変容と五代,唐滅亡の契機となった、875年からの農民反乱は何と呼ばれているか。,黄巣の乱
2,18,唐と近隣諸国・唐の変容と五代,黄巣の反乱軍に加わったのち、唐に降って反乱鎮圧に活躍し、907年に唐を滅ぼした部将は誰か。,朱全忠
2,18,唐と近隣諸国・唐の変容と五代,後唐を除いた五代諸国の首都はどこか。,汴州(開封)
2,19,突厥とウイグル・ソグド人,６世紀半ばに台頭し、柔然を滅ぼしてモンゴル高原に大帝国を建てたトルコ系騎馬遊牧民は何か。,突厥
2,19,突厥とウイグル・ソグド人,中国王朝と突厥やウイグルなどの間で、互いの必要物資を補うために行われた物々交換形式の交易を何というか。,絹馬貿易
2,19,突厥とウイグル・ソグド人,ウイグルが国教とした宗教は何か。,マニ教
2,19,突厥とウイグル・ソグド人,840年、ウイグルの内紛に乗じてこれを滅ぼしたトルコ系遊牧民の名称は何か。,キルギス
2,19,突厥とウイグル・ソグド人,オアシスの道を中心に、中央ユーラシア一帯におよぶ通称ネットワークを構築したイラン系住民は何か。,ソグド人
3,20,仏教の成立と南アジアの統一国家,前６世紀にガンジス川中流域に興り、前５世紀にコーサラ国を併合し、この地域を支配した国の名称は何か。,マガダ国
3,20,仏教の成立と南アジアの統一国家,前6世紀頃のインドで、バラモン教の祭式主義を批判し、内面的思索を重視する思想として成立した哲学を何というか。,ウパニシャッド哲学
3,20,仏教の成立と南アジアの統一国家,シャカ族の王子で、前６〜前５世紀頃に仏教を開いた人物は誰か（尊称：ブッダ）。,ガウタマ＝シッダールタ
3,20,仏教の成立と南アジアの統一国家,ヴァルダマーナが開祖である、不殺生主義を標榜する宗教は何か。,ジャイナ教
3,20,仏教の成立と南アジアの統一国家,前４世紀後半に成立した、インド史上最初の統一国家の王朝は何か。,マウリヤ朝
3,20,仏教の成立と南アジアの統一国家,マウリヤ朝の建国者は誰か。,チャンドラグプタ王
3,20,仏教の成立と南アジアの統一国家,マウリヤ朝の首都はどこか。,パータリプトラ
3,20,仏教の成立と南アジアの統一国家,マウリヤ朝の全盛期を現出した、第三代の王は誰か。,アショーカ王
3,20,仏教の成立と南アジアの統一国家,アショーカ王が政治倫理とし、磨崖碑や石柱碑に詔勅として刻ませたインド思想の概念を何と呼ぶか。,ダルマ（法）
3,20,仏教の成立と南アジアの統一国家,アショーカ王が王子を派遣して、仏教を布教させたとされる地域はどこか。,セイロン島
3,20,仏教の成立と南アジアの統一国家,１〜３世紀にかけて、大月氏の支配から自立したイラン系民族が西北インドに建てた王朝は何か。,クシャーナ朝
3,20,仏教の成立と南アジアの統一国家,クシャーナ朝の首都はどこか。,プルシャプラ
3,20,仏教の成立と南アジアの統一国家,2世紀にクシャーナ朝の全盛期を現出した王は誰か。,カニシカ王
3,20,仏教の成立と南アジアの統一国家,カニシカ王の治世下に発達した、ギリシア彫刻の影響の強い仏像などがつくられた仏教美術は何と呼ばれるか。,ガンダーラ美術
3,20,仏教の成立と南アジアの統一国家,大乗仏教で重視された、自らの悟りだけでなく、他者を救うことを理想とする存在への信仰を何というか。,菩薩信仰
3,20,仏教の成立と南アジアの統一国家,大乗仏教の理論を体系化し、「空」の思想を説いたことで知られるインドの仏教哲学者は誰か。,竜樹(ナーガールジュナ)
3,20,仏教の成立と南アジアの統一国家,前１〜後３世紀にデカン高原を支配し、季節風を利用した交易で繁栄した、ドラヴィダ系アーンドラ族の王朝は何か。,サータヴァーハナ朝
3,20,仏教の成立と南アジアの統一国家,１世紀にギリシア人が書いたとされる、紅海からインド洋にかけての地理・物産の書の名称は何か。,『エリュトゥラー海案内記』
3,21,インド古典文化とヒンドゥー教の定着,4世紀前半にチャンドラグプタ1世が北インドを統一して建て、サンスクリット文学や数学などが栄えた王朝は何か。,グプタ朝
3,21,インド古典文化とヒンドゥー教の定着,グプタ朝の首都はどこか。,パータリプトラ
3,21,インド古典文化とヒンドゥー教の定着,グプタ朝の最盛期を現出した、第三代王は誰か。,チャンドラグプタ２世
3,21,インド古典文化とヒンドゥー教の定着,グプタ朝の全盛期、仏教教義の研究のため陸路でインドを訪れ、海路で帰国した東晋時代の中国僧は誰か。,法顕
3,21,インド古典文化とヒンドゥー教の定着,梵語とも呼ばれる、古代インドの宗教・文学・学術などで用いられ、グプタ朝時代に古典語として完成した言語は何か。,サンスクリット語
3,21,インド古典文化とヒンドゥー教の定着,グプタ朝の全盛期を現出したチャンドラグプタ２世の宮廷で活躍した、代表作『シャクンタラー』の詩人・戯曲家は誰か。,カーリダーサ
3,21,インド古典文化とヒンドゥー教の定着,グプタ朝のもとで完成された、純インド的な仏教美術様式を何と呼ぶか。,グプタ様式
3,21,インド古典文化とヒンドゥー教の定着,グプタ朝時代を中心に造営され、壁画などに大乗仏教の影響が見られる、デカン高原西部に位置する仏教遺跡は何か。,アジャンター石窟寺院
3,21,インド古典文化とヒンドゥー教の定着,グプタ朝のもとで５世紀に建立された、仏教教学研究の機関の名称は何か。,ナーランダー僧院
3,21,インド古典文化とヒンドゥー教の定着,グプタ朝衰退の一因をつくった、中央アジアから進出してきた騎馬遊牧民の名称は何か。,エフタル
3,21,インド古典文化とヒンドゥー教の定着,聖典のないヒンドゥー教において、人びとの生活規範に関する法典とされたものは何か。,マヌ法典
3,21,インド古典文化とヒンドゥー教の定着,７世紀頃南インドで興った、ヒンドゥー教の最高神に対する絶対帰依をとなえた宗教運動を何と呼ぶか。,バクティ運動
3,21,インド古典文化とヒンドゥー教の定着,７世紀前半にハルシャ王によって成立した、北インド最後の統一王朝は何か。,ヴァルダナ朝
3,21,インド古典文化とヒンドゥー教の定着,ヴァルダナ朝の首都はどこか。,カナウジ
3,21,インド古典文化とヒンドゥー教の定着,ヴァルダナ朝時代のインドに赴いた玄奘による旅行記のタイトルは何か。,『大唐西域記』
3,21,インド古典文化とヒンドゥー教の定着,義浄がインドから唐に海路で帰国中、シュリーヴィジャヤ王国で記述した旅行記は何か。,『南海寄帰内法伝』
3,21,インド古典文化とヒンドゥー教の定着,８〜13世紀初めにかけて、北インド各地に諸王国を建てた人びとは、「王の子」を意味する語で、何と自称したか。,ラージプート
3,22,東南アジア世界の形成と展開,青銅製の銅鼓が代表的な、前４世紀頃から東南アジア各地に広がった青銅器・鉄器文化を何と呼ぶか。,ドンソン文化
3,22,東南アジア世界の形成と展開,クメール人あるいはマレー人が、１世紀にメコン川下流域に建てた東南アジア最初の国家は、中国名で何と呼ばれたか。,扶南
3,22,東南アジア世界の形成と展開,２世紀末、ベトナム中部にチャム人が建てた王国は何か。,チャンパー
3,22,東南アジア世界の形成と展開,カンボジア人とも呼ばれる、カンボジア王国を建てたオーストロアジア語系の人びとの別称は何か。,クメール人
3,22,東南アジア世界の形成と展開,スールヤヴァルマン２世によってヒンドゥー教寺院として建立され、のちに仏教寺院に改修された建造物の名称は何か。,アンコール＝ワット
3,22,東南アジア世界の形成と展開,７〜11世紀頃、チャオプラヤ川下流域にモン人が建てた国の名称は何か。,ドヴァーラヴァティー王国
3,22,東南アジア世界の形成と展開,13～15世紀、タイ北部に建てられたタイ人初の統一王朝は何か。,スコータイ朝
3,22,東南アジア世界の形成と展開,14世紀半ばに成立し、17世紀にタイ国史上最大の領土を支配した王朝は何か。,アユタヤ朝
3,22,東南アジア世界の形成と展開,チャオプラヤ川、エーヤワディー川流域で信仰されている仏教の宗派は何か。,上座部仏教
3,22,東南アジア世界の形成と展開,４世紀頃国家を建国し、ビルマのエアーヤワディー川流域に栄えた民族の名称は何か。,ピュー人
3,22,東南アジア世界の形成と展開,11世紀半ばに成立したが、元軍の侵入を受けて13世紀末に滅亡した、ビルマ最初の統一王朝は何か。,パガン朝
3,22,東南アジア世界の形成と展開,中国王朝の支配下から自立し、11世紀初めベトナム北部に成立した最初の長期王朝は何か。,李朝
3,22,東南アジア世界の形成と展開,李朝以降のベトナムの国名（国号）は、中国史料で何と表記されたか。,大越国
3,22,東南アジア世界の形成と展開,13世紀前半～1400年に存続し、元軍の侵攻を撃退した北部ベトナムの王朝は何か。,陳朝
3,22,東南アジア世界の形成と展開,陳朝のもとで、漢字の部首を基に考案されて使われたベトナム文字は何か。,字喃
3,22,東南アジア世界の形成と展開,７〜14世紀に、マレー人によってスマトラ島を中心に建てられて存在した王国の名称は何か。,シュリーヴィジャヤ王国
3,22,東南アジア世界の形成と展開,シュリーヴィジャヤ王国の都で、スマトラ島東南部の港市はどこか。,パレンバン
3,22,東南アジア世界の形成と展開,ボロブドゥールの建造など、８世紀後半に有力となった、ジャワ島中部に建てた王朝は何か。,シャイレンドラ朝
3,22,東南アジア世界の形成と展開,８世紀に中部ジャワに成立した、ヒンドゥー教の王朝は何か。,マタラム王国
4,23,イラン諸国家の興亡とイラン文明,アケメネス朝ペルシアの行政上の都はどこか。,スサ
4,23,イラン諸国家の興亡とイラン文明,メディアから自立を達成した、アケメネス朝ペルシアの建国者は誰か。,キュロス２世
4,23,イラン諸国家の興亡とイラン文明,全オリエントを統一した、アケメネス朝ペルシアの王は誰か。,カンビュセス２世
4,23,イラン諸国家の興亡とイラン文明,東はインダス川から西はエーゲ海東部にいたる大帝国を建設した、アケメネス朝全盛期の王は誰か。,ダレイオス１世
4,23,イラン諸国家の興亡とイラン文明,ダレイオス１世が任命した、アケメネス朝の州の軍民両権を握る知事は何と呼ばれたか。,サトラップ
4,23,イラン諸国家の興亡とイラン文明,州を巡察してサトラップを監察する、王直属の行政官を何と呼ぶか。,「王の目・王の耳」
4,23,イラン諸国家の興亡とイラン文明,ダレイオス１世が建設を開始した、祭祀用の王都の名称は何か。,ペルセポリス
4,23,イラン諸国家の興亡とイラン文明,ダレイオス１世が建設した、駅伝制が整備されたスサからサルデスにわたる国道を何と呼ぶか。,「王の道」
4,23,イラン諸国家の興亡とイラン文明,アケメネス朝はギリシア世界の誰との戦いに敗れたことによって滅亡したか。,アレクサンドロス大王
4,23,イラン諸国家の興亡とイラン文明,帝国の混乱・衰退の原因ともなった、ギリシア諸ポリスとの戦争を何というか。,ペルシア戦争
4,23,イラン諸国家の興亡とイラン文明,ゾロアスター教の最高神で、光明・善の神とされるものの名称は何か。,アフラ＝マズダ
4,23,イラン諸国家の興亡とイラン文明,ゾロアスター教の最高神と対立する、暗黒・悪の神の名称は何か。,アンラ＝マンユ(アーリマン)
4,23,イラン諸国家の興亡とイラン文明,ローマ帝政期に軍人を中心に流行した、光明神を崇拝するインド・イラン起源の密儀宗教の名称は何か。,ミトラ教
4,23,イラン諸国家の興亡とイラン文明,ベヒストゥーン碑文をもとに、楔形文字の解読に成功したイギリス人学者は誰か。,ローリンソン
4,23,イラン諸国家の興亡とイラン文明,アレクサンドロス大王の死後、イラン高原を含む西アジアの大半を支配した後継の王朝は何か。,セレウコス朝
4,23,イラン諸国家の興亡とイラン文明,前３世紀半ば、セレウコス朝の支配から自立して、アム川上流でギリシア系住民が建てた国は何か。,バクトリア
4,23,イラン諸国家の興亡とイラン文明,パルティアの中国史書での呼び方は何か。,安息
4,23,イラン諸国家の興亡とイラン文明,パルティア建国時の首都はどこか。,ヘカトンピュロス
4,23,イラン諸国家の興亡とイラン文明,パルティア全盛期の王ミトラダテス１世により、パルティアの都はどこに遷都されたか。,クテシフォン
4,23,イラン諸国家の興亡とイラン文明,ササン朝ペルシア初代王は誰か。,アルダシール１世
4,23,イラン諸国家の興亡とイラン文明,3世紀にササン朝のシャープール1世との戦いに敗れ、ローマ皇帝として初めて敵国の捕虜となった人物は誰か。,ウァレリアヌス
4,23,イラン諸国家の興亡とイラン文明,西方でローマ皇帝を捕虜とした、パルティア第２代国王は誰か。,シャープール１世
4,23,イラン諸国家の興亡とイラン文明,642年イスラーム軍に大敗し、ササン朝の事実上の滅亡につながった戦いは何か。,ニハーヴァンドの戦い
4,23,イラン諸国家の興亡とイラン文明,ホスロー１世時代に集大成された、ゾロアスター教の教典の名称は何か。,『アヴェスター』
4,23,イラン諸国家の興亡とイラン文明,シャープール１世に重用された人物が創始した、ゾロアスター教にキリスト教・仏教を融合した宗教は何か。,マニ教
4,24,ポリスの形成とギリシア社会の特色,前８世紀頃のギリシアで、有力者（貴族）が中心となって軍事的・経済的要地へ移住したことをカタカナで何と称するか。,シノイキスモス
4,24,ポリスの形成とギリシア社会の特色,「城山」の意味で、ポリスの中心部にあり、市の守護神がまつられていた丘をカタカナで何と呼ぶか。,アクロポリス
4,24,ポリスの形成とギリシア社会の特色,ボスフォラス海峡に面してギリシア人が建設した、現在のイスタンブルの前身となった植民市はどこか。,ビザンティオン
4,24,ポリスの形成とギリシア社会の特色,南フランスのローヌ河口近くにギリシア人が建設した、現在のマルセイユの前身となった植民市の名前は何か。,マッサリア
4,24,ポリスの形成とギリシア社会の特色,南イタリアにギリシア人が建設した、現在のナポリの前身となった植民市の名前は何か。,ネアポリス
4,24,ポリスの形成とギリシア社会の特色,古代ギリシア人は何と自称したか。,ヘレネス
4,24,ポリスの形成とギリシア社会の特色,古代ギリシア人は異民族を蔑視して何と呼んだか。,バルバロイ
4,24,ポリスの形成とギリシア社会の特色,中部ギリシアに位置し、そのアポロン神殿の神託が権威をもっていた聖地はどこか。,デルフォイ
4,24,ポリスの形成とギリシア社会の特色,元来は「くじ」という意味で、ギリシア人が定住後、くじで分配された私有地（持ち分地）を何と呼ぶか。,クレーロス
4,24,ポリスの形成とギリシア社会の特色,アクロポリスのふもとにあり、ポリスの政治・経済活動の中心であった公共広場を何と呼ぶか。,アゴラ
4,24,ポリスの形成とギリシア社会の特色,貴族政中心の古代アテネにて、政治に参加できる市民とされるために必要とされた条件を一つ答えなさい。,武器を自弁して戦うこと/アテネ市民の成年男子であること
4,24,ポリスの形成とギリシア社会の特色,「周辺民」の意味で、農業・商工業に従事した、参政権のないスパルタの半自由民は何と呼ばれたか。,ペリオイコイ
4,24,ポリスの形成とギリシア社会の特色,スパルタにおいて完全市民に共有された、隷属農民は何と呼ばれたか。,ヘイロータイ
4,24,ポリスの形成とギリシア社会の特色,スパルタの独特な軍国主義体制を確立したとされる、伝説的立法者は誰か。,リュクルゴス
4,25,アテネの民主政とペルシア戦争,アテネ貴族政で行政をになった９人の執政官のことをカタカナで何と呼ぶか。,アルコン
4,25,アテネの民主政とペルシア戦争,古代ギリシアで、青銅の鎧や盾を自弁して戦った重装歩兵の、密集隊形のことを何というか。,ファランクス
4,25,アテネの民主政とペルシア戦争,前７世紀後半のアテネで、従来の慣習法を成文化した立法者は誰か。,ドラコン
4,25,アテネの民主政とペルシア戦争,ソロンが行った、財産によって市民を４等級に分け、参政権と兵役義務を定めた政治は、何と呼ばれるか。,財産政治
4,25,アテネの民主政とペルシア戦争,市民の人口減少を防ぐために、ソロンが禁止したこととは何か。,債務奴隷
4,25,アテネの民主政とペルシア戦争,貴族政から民主政への過渡期に出現した、非合法な手段で政権を握った独裁者を何と呼ぶか。,僭主
4,25,アテネの民主政とペルシア戦争,前561年より３度にわたって僭主となり、中小農民の保護・育成や文化事業にも力を注いだ人物は誰か。,ペイシストラトス
4,25,アテネの民主政とペルシア戦争,前６世紀末、血縁的部族制の廃止などの改革を行い、アテネ民主政の基礎を確立した政治家は誰か。,クレイステネス
4,25,アテネの民主政とペルシア戦争,クレイステネスが創設した、僭主の出現を防止するための、市民による投票制度をカタカナで何というか。,オストラキスモス
4,25,アテネの民主政とペルシア戦争,ペルシア戦争のきっかけとなった反乱は、小アジアのどこの植民市でおこったか。,イオニア植民市
4,25,アテネの民主政とペルシア戦争,前490年、アテネ北東岸に上陸したペルシア軍を、アテネ重装歩兵軍が破った戦いを何と呼ぶか。,マラトンの戦い
4,25,アテネの民主政とペルシア戦争,前480年、第３回のペルシア戦争で、ギリシア半島中部でスパルタ軍がペルシア軍に大敗した戦いを何と呼ぶか。,テミストクレス
4,25,アテネの民主政とペルシア戦争,古代ギリシアで用いられ、ペルシア戦争のサラミス海戦などで活躍した軍船を何というか。,三段櫂船
4,25,アテネの民主政とペルシア戦争,前479年、アテネ・スパルタ連合軍がペルシア陸軍を破り、ギリシア側の勝利を確定した戦いを何と呼ぶか。,プラタイアの戦い
4,25,アテネの民主政とペルシア戦争,ペルシアの再侵攻にそなえ、前478年頃アテネを盟主に結成された軍事同盟は何か。,デロス同盟
4,25,アテネの民主政とペルシア戦争,サラミスの海戦の際、三段櫂船の漕ぎ手として貢献し、戦後に発言権を増大させたのはどのような人びとか。,無産市民
4,26,ポリス社会の変容とヘレニズム時代,前５世紀後半、アテネの全盛期を現出し、古代民主政を完成させた政治家は誰か。,ペリクレス
4,26,ポリス社会の変容とヘレニズム時代,古代アテネが強力な艦隊を建設する資金源とした、アッティカ地方南部にある銀山はどこか。,ラウレイオン銀山
4,26,ポリス社会の変容とヘレニズム時代,アテネの強勢化に対抗して、スパルタを盟主に強化された軍事同盟を何と呼ぶか。,ペロポネソス同盟
4,26,ポリス社会の変容とヘレニズム時代,ペロポネソス戦争のあいだにペリクレスが死亡し、混乱・腐敗したアテネの民主政治を何と呼ぶか。,衆愚政治
4,26,ポリス社会の変容とヘレニズム時代,ポリス間抗争のなか、エパメイノンダスの指導でスパルタを破り、前４世紀前半に覇権を握ったポリスは何か。,テーベ
4,26,ポリス社会の変容とヘレニズム時代,長期にわたるポリス間抗争で市民の没落が進むと、市民皆兵の原則が崩れ、何が軍の中心となったか。,傭兵
4,26,ポリス社会の変容とヘレニズム時代,ペリクレスによって再建された、アテネのアクロポリスのアテナ女神神殿は一般に何と呼ばれるか。,パルテノン神殿
4,26,ポリス社会の変容とヘレニズム時代,前４世紀にマケドニアの勢力を拡大した王で、アレクサンドロス大王の父は誰か。,フィリッポス２世
4,26,ポリス社会の変容とヘレニズム時代,フィリッポス２世がアテネ・テーベ連合軍を撃破し、ギリシア諸ポリスをほぼ制圧した戦いを何と呼ぶか。,カイロネイアの戦い
4,26,ポリス社会の変容とヘレニズム時代,マケドニアが盟主となり、スパルタを除く全ポリスと結んだ同盟は何か。,コリントス同盟
4,26,ポリス社会の変容とヘレニズム時代,アレクサンドロス大王が東方遠征を始めたのは西暦何年か。,前334年
4,26,ポリス社会の変容とヘレニズム時代,前331年、アレクサンドロス大王の軍がアケメネス朝軍との決戦に勝利した戦いの名称は何か。,アルベラ(ガウガメラ)の戦い
4,26,ポリス社会の変容とヘレニズム時代,ポリス社会の枠を越えた、より普遍的かつ個人主義的な傾向をもつヘレニズム時代の考え方を何と呼ぶか。,コスモポリタニズム(世界市民主義)
4,26,ポリス社会の変容とヘレニズム時代,アレクサンドロスの死後、「後継者」をめざして分立・抗争した部下の有力者たちは何と呼ばれたか。,ディアドコイ
4,26,ポリス社会の変容とヘレニズム時代,大帝国の分裂後、アレクサンドロスの部下の孫が建てたマケドニア王国の王朝名は何か。,アンティゴノス朝マケドニア
4,26,ポリス社会の変容とヘレニズム時代,大帝国の分裂後、アレクサンドロスの部下の一人が建てたシリア王国の王朝名は何か。,セレウコス朝シリア
4,26,ポリス社会の変容とヘレニズム時代,大帝国の分裂後、アレクサンドロスの部下の一人が建てたエジプト王国の王朝名は何か。,プトレマイオス朝エジプト
4,26,ポリス社会の変容とヘレニズム時代,エジプトのアレクサンドリアに開設され、自然科学研究の中心となった王立研究所は何と呼ばれるか。,ムセイオン
4,27,ギリシアの生活と文化,『イリアス』『オデユッセイア』の作者または編者とされる詩人は誰か。,ホメロス
4,27,ギリシアの生活と文化,『神統記』『労働と日々』などを著し、神々の系譜や農民の勤労の尊さをうたった、古代ギリシアの叙事詩人は誰か。,ヘシオドス
4,27,ギリシアの生活と文化,代表作『アガメムノン』を著した、アテネ三大悲劇詩人の一人は誰か。,アイスキュロス
4,27,ギリシアの生活と文化,代表作『オイディプス王』を著した、アテネ三大悲劇詩人の一人は誰か。,ソフォクレス
4,27,ギリシアの生活と文化,代表作『メデイア』を著した、アテネ三大悲劇詩人の一人は誰か。,エウリピデス
4,27,ギリシアの生活と文化,小アジア出身で、ペルシア戦争を物語的に叙述し、『歴史』を著して「歴史の父」と呼ばれる人物は誰か。,ヘロドトス
4,27,ギリシアの生活と文化,ペロポネソス戦争を史料批判に基づいた『歴史』に著した、アテネ出身の歴史家は誰か。,トゥキディデス
4,27,ギリシアの生活と文化,「哲学の父」と称される、万物の根源を「水」と考え、また日食を予言した哲学者は誰か。,タレス
4,27,ギリシアの生活と文化,「万物は流転する」のことばを残し、「火」を変化の象徴とした哲学者は誰か。,ヘラクレイトス
4,27,ギリシアの生活と文化,万物の根源を等質不変の「原子（アトム）」と主張した哲学者は誰か。,デモクリトス
4,27,ギリシアの生活と文化,「万物の根源は数である」と考え、数学と哲学を結びつけた古代ギリシアの哲学者は誰か。,ピタゴラス
4,27,ギリシアの生活と文化,「万物の尺度は人間」といったことばを残したソフィストの代表的な人物は誰か。,プロタゴラス
4,27,ギリシアの生活と文化,絶対的な真理ではなく相対的な真理を主張したプロタゴラスの言葉として有名な命題は何か。,「万物の尺度は人間」
4,27,ギリシアの生活と文化,問答法を通じて「無知の知」を自覚させる方法を実践し、普遍的真理の存在を説いた哲学者は誰か。,ソクラテス
4,27,ギリシアの生活と文化,ソクラテスの弟子で、真に存在するのは善や美というイデアであると説いた哲学者は誰か。,プラトン
4,27,ギリシアの生活と文化,プラトンの弟子で、諸学の集大成者として「万学の祖」と呼ばれ、後世に大きな影響を及ぼした哲学者は誰か。,アリストテレス
4,27,ギリシアの生活と文化,古代ギリシアの哲学者プラトンがアテネ郊外に創設した学園で、のちの哲学教育の礎となった機関は何か。,アカデメイア
4,27,ギリシアの生活と文化,アリストテレスがアテネに設立し、逍遥学派の拠点となった教育機関は何か。,リュケイオン
4,27,ギリシアの生活と文化,古代アテネで活躍し、パルテノン神殿のアテナ像やゼウス像の制作で知られる彫刻家は誰か。,フェイディアス
4,27,ギリシアの生活と文化,「医学の父」と称され、病気を神の呪いではなく自然現象と捉えた古代ギリシアの医者は誰か。,ヒッポクラテス
4,27,ギリシアの生活と文化,エジプトのアレクサンドリアに開設され、自然科学研究の中心となった王立研究所は何と呼ばれるか。,ムセイオン
4,27,ギリシアの生活と文化,ムセイオンで学び、平面幾何学を大成したギリシアの数学者は誰か。,エウクレイデス
4,27,ギリシアの生活と文化,地球の公転と自転、太陽中心説を主張した、ギリシア出身の天文学者は誰か。,アリスタルコス
4,27,ギリシアの生活と文化,ムセイオンで学び、浮力の原理を発見した、シチリア島のシラクサ出身の数学・物理学者は誰か。,アルキメデス
4,27,ギリシアの生活と文化,エラトステネスの館長を務め、地球の周囲の長さを計測した、北アフリカ出身のギリシア人天文学者は誰か。,エラトステネス
4,27,ギリシアの生活と文化,禁欲による幸福の追求と、理性によって生きることの大切さを説いた、ヘレニズム時代の哲学の一派を何と呼ぶか。,ストア派
4,27,ギリシアの生活と文化,精神的な快楽を得ることを重視した哲学者の名前に由来する、ヘレニズム時代の哲学の一派を何と呼ぶか。,エピクロス派
4,28,ローマ共和政,北イタリアのトスカナ地方に定住し、前７世紀末にローマを支配した、系統不明の半島の先住民は何と呼ばれるか。,エトルリア人
4,28,ローマ共和政,前８世紀に都市国家ローマを建設したとされる人びとを何と呼ぶか。,ラテン人
4,28,ローマ共和政,都市国家ローマの象徴で、市内を流れる川は何か。,ティベル川
4,28,ローマ共和政,共和政の要職を独占した、完全な市民権をもつ大土地所有者であるローマの貴族を何というか。,パトリキ
4,28,ローマ共和政,任期終身の300人の貴族で構成された、ローマ共和政最高の諮問機関を何と呼ぶか。,元老院
4,28,ローマ共和政,２名で構成され、任期１年で無給の、行政・軍事を担当した最高公職者は何と呼ばれたか。,コンスル
4,28,ローマ共和政,非常時にローマ共和政で任命され、半年間の強大な権限を与えられた官職は何か。,ディクタトル
4,28,ローマ共和政,中小土地所有農民と商工業者からなり、貴族に対して身分闘争を展開したローマの平民を何というか。,プレブス
4,28,ローマ共和政,伝承では前494年の設置とされる、平民会で選出された、平民保護のための官職を何と呼ぶか。,護民官
4,28,ローマ共和政,民会の一つで、前５世紀前半に開設され、平民のみで構成された議決機関を何と呼ぶか。,平民会
4,28,ローマ共和政,貴族に対する平民の闘争のなか、前５世紀半ばに旧来の慣習法を明文化し、公開したローマ最古の成文法は何か。,十二表法
4,28,ローマ共和政,前367年、コンスルの１名を平民から選出することを制定した法は何か。,リキニウス・セクスティウス法
4,28,ローマ共和政,平民会の決議は元老院の承認がなくとも国法とされることを定めた法は何か。,ホルテンシウス法
4,28,ローマ共和政,ローマにおいて、民主共和政が成立したのは西暦何年か。,前287年
4,28,ローマ共和政,ローマは、イタリア半島南部のどこを征服したことにより半島の統一を達成したか。,タレントゥム
4,28,ローマ共和政,ローマでは道路網が整備されたが、ローマから南東部に伸びる、最古の軍用道路の名称は何か。,アッピア街道
4,28,ローマ共和政,征服したイタリア半島の諸都市を支配するために、ローマが用いた統治方法を何というか。,分割統治
4,29,ポエニ戦争と内乱の１世紀,共和政ローマにおいて、初の属州はどこか。,シチリア島
4,29,ポエニ戦争と内乱の１世紀,第２回ポエニ戦争の際、現在のスペインから出発し、カンネーでローマ軍に大勝したカルタゴの将軍は誰か。,ハンニバル
4,29,ポエニ戦争と内乱の１世紀,前202年、カルタゴの本拠地を襲い、カルタゴ軍に圧勝して第２回ポエニ戦争をローマの勝利に導いた将軍は誰か。,スキピオ
4,29,ポエニ戦争と内乱の１世紀,第２回ポエニ戦争で、スキピオがカルタゴ軍を破った戦いは何と呼ばれるか。,ザマの戦い
4,29,ポエニ戦争と内乱の１世紀,第２回ポエニ戦争以降急速に発達した、奴隷を使用してブドウなどの栽培をする大土地所有の経営を何と呼ぶか。,ラティフンディア
4,29,ポエニ戦争と内乱の１世紀,無産市民となって都市へ流入した農民に、ローマの為政者が与えた施策を示すことばは何か。,パンと見世物
4,29,ポエニ戦争と内乱の１世紀,グラックス兄弟の改革は何を増やすための改革を実行したのか。,自作農
4,29,ポエニ戦争と内乱の１世紀,ユグルタ戦争を鎮圧して台頭し、平民派を形成して一時政権を握り軍政改革を行なった政治家は誰か。,マリウス
4,29,ポエニ戦争と内乱の１世紀,同盟市戦争を鎮圧し、さらに小アジアから帰国したのち平民派を弾圧した、閥族派の政治家は誰か。,スラ
4,29,ポエニ戦争と内乱の１世紀,前73〜前71年におこった大奴隷反乱を指導した、トラキア出身の剣闘士は誰か。,スパルタクス
4,29,ポエニ戦争と内乱の１世紀,第１回三頭政治を担った人物を三名答えなさい。,ポンペイウス、カエサル、クラッスス
4,29,ポエニ戦争と内乱の１世紀,カエサルの名声を高めることとなった、彼の遠征先はどこか。,ガリア
4,29,ポエニ戦争と内乱の１世紀,前45年に元老院からインペラトルの称号を贈られたカエサルの独裁に反対し、彼を暗殺した共和主義者は誰か。,ブルートゥス
4,29,ポエニ戦争と内乱の１世紀,第２回三頭政治から早々に離脱を余儀なくされた人物は誰か。,レピドゥス
4,29,ポエニ戦争と内乱の１世紀,プトレマイオス朝最後の女王は誰か。,クレオパトラ
4,29,ポエニ戦争と内乱の１世紀,アクタウィアヌスがアントニウスとエジプトの連合軍を撃破した戦いは何か。,アクティウムの海戦
4,29,ポエニ戦争と内乱の１世紀,アクタウィアヌスがアントニウスとエジプトの連合軍を撃破した戦いは西暦何年の出来事か。,前31年
4,30,帝政ローマ,元老院がオクタウィアヌスに贈った尊称で、以後、歴代皇帝の称号とされたものは何か。,アウグストゥス
4,30,帝政ローマ,ローマの帝政が始まったとされるのは西暦何年からか。,前27年
4,30,帝政ローマ,オクタウィアヌスは「第一の市民」を自称した。「元首」と訳されるこの称号は何か。,プリンケプス
4,30,帝政ローマ,ダキアを属州とし、ローマ帝国の最大版図を実現した五賢帝の２番目の皇帝は誰か。,トラヤヌス
4,30,帝政ローマ,ストア哲学を学び「哲人皇帝」と呼ばれ、中国史書では「大秦王安敦」と記された五賢帝最後の皇帝は誰か。,マルクス＝アウレリウス＝アントニヌス
4,30,帝政ローマ,現在のウィーンにあたる、ローマ帝国がドナウ川流域に築いた軍事拠点都市はどこか。,ウィンドボナ
4,30,帝政ローマ,現在のパリにあたる、ローマ時代にガリア人の一部族が住んでいた都市はどこか。,ルテティア
4,30,帝政ローマ,現在のロンドンにあたる、ローマ帝国時代にブリタニアに築かれた都市はどこか。,ロンディニウム
4,30,帝政ローマ,カラカラ帝によるアントニヌス勅令によって、市民権が付与される対象は誰になったか。,帝国内の全自由民
4,30,帝政ローマ,ラティフンディアに代わり、隷属的小作人を使用する土地経営が拡大した。この経営形態を何と呼ぶか。,コロナトゥス
4,30,帝政ローマ,3世紀にローマ帝国で各地の軍司令官が次々と皇帝となり、内乱と混乱が続いた時代を何というか。,軍人皇帝時代
4,30,帝政ローマ,最後の軍人皇帝で、キリスト教を迫害した人物は誰か。,ディオクレティアヌス
4,30,帝政ローマ,ディオクレティアヌスは、広大なローマ帝国をどのような方法で統治しようとしたか。,四帝分治制（テトラルキア）
4,30,帝政ローマ,313年にキリスト教の公認を行い、その後324年に帝国を再統一した皇帝は誰か。,コンスタンティヌス帝
4,30,帝政ローマ,313年、ローマ帝国がキリスト教を公認した際に発布したものは何か。,ミラノ勅令
4,30,帝政ローマ,330年、ローマ帝国の首都は旧ビザンティウムに遷都された。遷都後、この都市は何と改称されたか。,コンスタンティノープル
4,30,帝政ローマ,ローマ帝国の衰退をもたらすことになった、375年以降本格的に帝国に侵入した民族は何か。,ゲルマン人
4,30,帝政ローマ,キリスト教を国教化し、また死に際して帝国を東西に分けた皇帝は誰か。,テオドシウス帝
4,30,帝政ローマ,ローマ帝国がキリスト教を国教化したのは西暦何年か。,392年
4,30,帝政ローマ,476年に西ローマ帝国を滅ぼした、帝国に仕えていたゲルマン人傭兵隊長は誰か。,オドアケル
4,31,ローマの生活と文化,ネロ帝の師で、のちに死を強制された、代表作『幸福論』のストア派哲学者は誰か。,セネカ
4,31,ローマの生活と文化,哲人皇帝マルクス＝アウレリウス＝アントニヌスが、ギリシア語で書いた著作の名称は何か。,『自省録』
4,31,ローマの生活と文化,ローマ建国にまつわる叙事詩『アエネイス』を著した、古代ローマ最大の詩人は誰か。,ウェルギリウス
4,31,ローマの生活と文化,アウグストゥスに委嘱されて『ローマ建国史』を著した、ローマの歴史家は誰か。,リウィウス
4,31,ローマの生活と文化,古ケルト・古ゲルマン研究の重要史料でもある、カエサルが著した遠征記録を何というか。,『ガリア戦記』
4,31,ローマの生活と文化,古ゲルマン研究の最重要史料である著書や、ローマ政治史の『年代記』の著者は誰か。,タキトゥス
4,31,ローマの生活と文化,ギリシアとローマの英雄的人物を比較評論した伝記の『対比列伝』を著した、ギリシア人作家は誰か。,プルタルコス
4,31,ローマの生活と文化,前１〜後１世紀の、史料的な地誌の『地理誌』を著したギリシア人地理学者は誰か。,ストラボン
4,31,ローマの生活と文化,ローマ領の拡大にともない、市民法から発達し、すべての人に適用されるようになった法を何と呼ぶか。,万民法
4,31,ローマの生活と文化,『ローマ法大全』の編纂事業の中心となった東ローマ（ビザンツ）の法学者は誰か。,トリボニアヌス
4,31,ローマの生活と文化,『ローマ法大全』の編纂を命じた東ローマ（ビザンツ）の皇帝は誰か。,ユスティニアヌス大帝
4,31,ローマの生活と文化,剣闘士の試合などが行われた、ローマの円形闘技場を何と呼ぶか。,コロッセウム
4,31,ローマの生活と文化,ローマでは道路網が整備されたが、ローマから南東部に伸びる、最古の軍用道路の名称は何か。,アッピア街道
4,31,ローマの生活と文化,南フランスに建築された、３層アーチからなり、上が水道、中・下が人馬道の水道橋の名称は何か。,ガール水道橋
4,31,ローマの生活と文化,１世紀に、膨大な百科全書の『博物誌』を著し、ウェスウィウス火山噴火の際に殉職した人物は誰か。,プリニウス
4,31,ローマの生活と文化,2世紀にプトレマイオスが著した、天動説を体系化した天文学書の名称は何か。,『天文学大全』
4,31,ローマの生活と文化,北アフリカの司教で、カトリックの教義確立に大きく貢献した、ローマ帝政末期最大の教父は誰か。,アウグスティヌス
4,31,ローマの生活と文化,アウグスティヌスが、青年期に帰依したマニ教から回心してキリスト教に辿りつくまでを描いた自伝の名称は何か。,『告白録』
4,32,キリスト教の成立と発展,神の絶対愛と隣人愛を説き、形式主義のユダヤ教を批判したのは誰か。,イエス
4,32,キリスト教の成立と発展,ユダヤ教徒のなかで、モーセの律法の遵守を主張し、宗教儀礼を極端に重視した一派は何と呼ばれたか。,パリサイ派
4,32,キリスト教の成立と発展,イエスを帝国への反逆者として処刑した、ローマ属州ユダヤの総督は誰か。,ピラト
4,32,キリスト教の成立と発展,「第１使徒」と呼ばれ、ローマ伝道に力をつくしたがネロ帝の迫害で殉教した人物は誰か。,ペテロ
4,32,キリスト教の成立と発展,パリサイ派に属していたが回心してキリスト教徒となり、「異邦人伝道の使徒」と呼ばれた人物は誰か。,パウロ
4,32,キリスト教の成立と発展,『新約聖書』は何という言語で書かれたか。,コイネー
4,32,キリスト教の成立と発展,１世紀後半、ローマの大火の責任をキリスト教徒に課し、彼らを迫害した皇帝は誰か。,ネロ帝
4,32,キリスト教の成立と発展,迫害を受けていた初期キリスト教時代の、避難所・礼拝堂としても利用された地下墓所を何というか。,カタコンベ
4,32,キリスト教の成立と発展,325年、教義統一のためコンスタンティヌス帝が招集した、キリスト教会最初の公会議の名称は何か。,ニケーア公会議
4,32,キリスト教の成立と発展,コンスタンティヌス帝によって開かれた325年の公会議で、正統教義と認められたのは何派か。,アタナシウス派
4,32,キリスト教の成立と発展,アタナシウス派はイエスの神性を強く認め、のちにある説へと発展する。この説は何と呼ばれるか。,三位一体説
4,32,キリスト教の成立と発展,コンスタンティヌス帝によって開かれた325年の公会議で、異端とされたのは何派か。,アリウス派
4,32,キリスト教の成立と発展,ギリシア古典とミトラ教に心酔し、異教復興を企て、教会から「背教者」と呼ばれた４世紀の皇帝は誰か。,ユリアヌス帝
4,32,キリスト教の成立と発展,431年、ネストリウス派が異端とされた、小アジア西岸の町で開かれた公会議の名称は何か。,エフェソス公会議
4,32,キリスト教の成立と発展,451年、単性論が異端とされた、コンスタンティノープルの対岸の町で開かれた公会議の名称は何か。,カルケドン公会議
5,33,イスラーム教の成立,セム語系のアラビア語を母語とした、アラビア半島の先住民は何か。,アラブ人
5,33,イスラーム教の成立,アラビア半島西部のヒジャーズ地方に位置し、古来から宗教都市・商業都市として栄えていたのはどこか。,メッカ
5,33,イスラーム教の成立,アラビア半島の多神教信仰の中心として、古来からの聖石や聖像を納めていた、メッカの聖殿は何か。,カーバ神殿
5,33,イスラーム教の成立,５世紀末にメッカを征服し定住した、ムハンマドが属する名門一族の名称は何か。,クライシュ族
5,33,イスラーム教の成立,イスラームにおける唯一神をアラビア語で何と呼ぶか。,アッラー
5,33,イスラーム教の成立,ヒジュラは西暦何年の出来事か。,622年
5,33,イスラーム教の成立,ムハンマドは大商人の迫害を受けてメッカの北方の都市ヤスリブに移住した。この都市はその後、何と呼ばれたか。,メディナ
5,33,イスラーム教の成立,ムハンマドの移住後に成立したイスラーム教徒の共同体（教団国家）を何と呼ぶか。,ウンマ
5,33,イスラーム教の成立,ムハンマドのように神の言葉（啓示）を受けた人を何と呼ぶか。,預言者
5,33,イスラーム教の成立,イスラーム教徒のことを指し、「神に帰依する者」を意味するアラビア語は何か。,ムスリム
5,33,イスラーム教の成立,ムハンマドの死後、650年頃に編纂されたイスラーム教の聖典は何か。,『コーラン』
5,33,イスラーム教の成立,神学・法学などのイスラーム諸学につうじていた、イスラームの学者（知識人）を何と呼ぶか。,ウラマー
5,33,イスラーム教の成立,ムスリムが信者として信仰し、行うべきことの基本を何と総称するか。,六信五行
5,33,イスラーム教の成立,異教徒に対する、イスラーム教徒の戦いを何と呼ぶか。,聖戦（ジハード）
5,34,正統カリフ時代〜ウマイヤ朝,ムハンマドの死後、信徒の選挙で選出された４代にわたる後継者は、とくに何と呼ばれるか。,正統カリフ
5,34,正統カリフ時代〜ウマイヤ朝,ムハンマドの義父で、初代後継者として選出されたのは誰か。,アブー＝バクル
5,34,正統カリフ時代〜ウマイヤ朝,アラブ人イスラーム教徒が家族をともなって移住し建設した軍営都市は、何と呼ばれるか。,ミスル
5,34,正統カリフ時代〜ウマイヤ朝,ウマイヤ朝時代、とくにイラン人に多かった、非アラブ人のイスラーム教改宗者は何と呼ばれたか。,マワーリー
5,34,正統カリフ時代〜ウマイヤ朝,庇護民を意味し、ムスリムの支配下で一定の保護を認められた非ムスリムを何と呼んだか。,ズィンミー
5,34,正統カリフ時代〜ウマイヤ朝,初めは征服地の住民に対して、のちアラブ人にも課したイスラーム世界の地租を何と呼ぶか。,ハラージュ
5,34,正統カリフ時代〜ウマイヤ朝,初めは聖典をもつ民に対して、正統カリフ時代以後はすべての異教徒に対して課した、人頭税の呼称は何か。,ジズヤ
5,34,正統カリフ時代〜ウマイヤ朝,ムハンマドの娘婿で、暗殺された第４代正統カリフは誰か。,アリー
5,34,正統カリフ時代〜ウマイヤ朝,アリーが暗殺されたのち、新王朝を開いたシリア総督は誰か。,ムアーウィヤ
5,34,正統カリフ時代〜ウマイヤ朝,ウマイヤ朝が成立したのは西暦何年か。,661年
5,34,正統カリフ時代〜ウマイヤ朝,ウマイヤ朝の首都はどこか。,ダマスクス
5,34,正統カリフ時代〜ウマイヤ朝,ムハンマドの言行に従う者という意味で、代々のカリフを正統と認めるイスラーム教の多数派は何か。,スンナ派
5,34,正統カリフ時代〜ウマイヤ朝,アリーとその子孫のみをムハンマドの正統な後継者と認める、イスラーム教少数派の分派名は何か。,シーア派
5,34,正統カリフ時代〜ウマイヤ朝,711年にウマイヤ朝が滅ぼした、イベリア半島を支配したゲルマン人国家は何か。,西ゴート王国
5,34,正統カリフ時代〜ウマイヤ朝,732年、カール＝マルテル率いるフランク王国と対決し、ウマイヤ朝軍が敗走した戦いは何か。,トゥール・ポワティエ間の戦い
5,34,正統カリフ時代〜ウマイヤ朝,正統カリフ時代とウマイヤ朝の時代は、アラブ人が特権的支配層を形成していたため、何帝国と呼ばれるか。,アラブ帝国
5,34,正統カリフ時代〜ウマイヤ朝,ウマイヤ朝を倒し、新王朝を建てた人物は誰か。,アブー＝アルアッバース
5,35,アッバース朝と政権の多極化,新都を造営し、行政機構を整備して中央集権体制を確立した、アッバース朝二代カリフは誰か。,マンスール
5,35,アッバース朝と政権の多極化,アッバース朝二代カリフが造営した新都はどこか。,バグダード
5,35,アッバース朝と政権の多極化,アラブ人の特権が廃止されてムスリムの平等が実現した支配体制から、アッバース朝をとくに何帝国と呼ぶか。,イスラーム帝国
5,35,アッバース朝と政権の多極化,イスラーム法のことを何と呼ぶか。,シャリーア
5,35,アッバース朝と政権の多極化,タラス河畔の戦いで、中国から西伝したものは何か。,製紙法
5,35,アッバース朝と政権の多極化,800年頃にアッバース朝の最盛期を現出した、アッバース朝の第５代カリフは誰か。,ハールーン＝アッラシード
5,35,アッバース朝と政権の多極化,９世紀にバグダードに建設され、ギリシア語文献のアラビア語への翻訳が行われた研究機関は何か。,知恵の館（バイト＝アルヒクマ）
5,35,アッバース朝と政権の多極化,後ウマイヤ朝の最盛期を現出した人物は誰か。,アブド＝アッラフマーン3世
5,35,アッバース朝と政権の多極化,後ウマイヤ朝の都はどこか。,コルドバ
5,35,アッバース朝と政権の多極化,10世紀初め、シーア派の一派がチュニジアで建国し、当初からカリフを称した王朝は何か。,ファーティマ朝
5,35,アッバース朝と政権の多極化,ファーティマ朝が10世紀後半エジプトに建設し、遷都した都市はどこか。,カイロ
5,35,アッバース朝と政権の多極化,10世紀前半、イラン系の人びとがバグダードに入城して建てたシーア派軍事政権は何か。,ブワイフ朝
5,35,アッバース朝と政権の多極化,ブワイフ朝の君主はアッバース朝カリフから何の称号を授与されたか。,大アミール
5,35,アッバース朝と政権の多極化,軍人や官僚に対し、俸給額にみあう金額を徴収できる土地の管理・徴税権を与えたブワイフ朝創始の制度は何か。,イクター制
5,36,イスラーム文化の成立,イスラーム教の礼拝堂を何と呼ぶか。,モスク
5,36,イスラーム文化の成立,ウラマーを育成するための高等教育機関を何と呼ぶか。,マドラサ
5,36,イスラーム文化の成立,都市のなかでモスクに隣接する市場を、アラビア語で何と呼ぶか。,スーク
5,36,イスラーム文化の成立,イスラーム文化において、書物の装飾や挿絵に描かれた、精密な絵画は何か。,細密画（ミニアチュール）
5,36,イスラーム文化の成立,ギリシア・アラビア医学の集大成者で、ラテン名アヴィケンナで知られるイラン系医学者・哲学者は誰か。,イブン＝シーナー
5,36,イスラーム文化の成立,コルドバ生まれでアリストテレスの著作の注釈で知られる、ラテン名でアヴェロエスと呼ばれる哲学者は誰か。,イブン＝ルシュド
5,36,イスラーム文化の成立,中世ヨーロッパの医学校でも重用された、アヴィケンナの著作は何か。,『医学典範』
5,36,イスラーム文化の成立,アッバース朝期にバグダードで活躍した、代表作『預言者たちと諸王の歴史』である知識人は誰か。,タバリー
5,36,イスラーム文化の成立,14世紀のチュニス出身の、『世界史序説』を著したイスラーム世界を代表する歴史家は誰か。,イブン＝ハルドゥーン
5,36,イスラーム文化の成立,14世紀のモロッコ出身の大旅行家で、『旅行記』を著したのは誰か。,イブン＝バットゥータ
5,36,イスラーム文化の成立,中世ペルシア語の説話集がアラビア語に翻訳されたのち、各地の説話が融合されたアラビア語の大説話集は何か。,『千夜一夜物語（アラビアン＝ナイト）』
5,36,イスラーム文化の成立,ジャラリー暦の制定にも加わった、『ルバイヤート』作のセルジューク朝期のイラン系詩人・科学者は誰か。,ウマル＝ハイヤーム
5,36,イスラーム文化の成立,アラビア数学を確立し、代数学を発展させた、アッバース朝期のイラン系数学者・天文学者は誰か。,フワーリズミー
5,36,イスラーム文化の成立,モスクに付属する尖塔のことを何と呼ぶか。,ミナレット
5,36,イスラーム文化の成立,ムスリムが製作した、植物の茎や葉を幾何学的に図案化した装飾文様は何か。,アラベスク
5,36,イスラーム文化の成立,13世紀よりグラナダに建設されたナスル朝の宮殿で、西方イスラーム世界の代表的建築は何か。,アルハンブラ宮殿
5,37,ヨーロッパ概要/ゲルマン人の大移動,年間の降水量が比較的均等で、夏は涼しく冬は温暖であるヨーロッパ西部などに見られる気候区を何というか。,西岸海洋性気候
5,37,ヨーロッパ概要/ゲルマン人の大移動,夏は乾燥し高温、冬は湿潤で比較的温暖な、オリーブやブドウの栽培が見られる気候を何というか。,地中海性気候
5,37,ヨーロッパ概要/ゲルマン人の大移動,古ゲルマン社会の風俗や素朴な慣習を記録した、タキトゥスの作品名は何か。,『ゲルマニア』
5,37,ヨーロッパ概要/ゲルマン人の大移動,ゲルマン部族国家で首長が主宰し、武装した自由民成年男性で構成された最高決定機関は何か。,民会
5,37,ヨーロッパ概要/ゲルマン人の大移動,ゲルマン人大移動の直接原因となった、ヨーロッパに侵入した騎馬遊牧民は何か。,フン人
5,37,ヨーロッパ概要/ゲルマン人の大移動,前６世紀頃から、アルプス以北のヨーロッパに広く居住していたインド＝ヨーロッパ語系民族は何か。,ケルト人
5,37,ヨーロッパ概要/ゲルマン人の大移動,フン人の西進を恐れ、375年南下を開始し、翌年ドナウ川を渡りローマ領内に移動したゲルマン部族は何か。,西ゴート
5,37,ヨーロッパ概要/ゲルマン人の大移動,375年にフン人によって征服され、その大帝国の崩壊後、５世紀末にはイタリアに王国を建てたゲルマン部族は何か。,東ゴート
5,37,ヨーロッパ概要/ゲルマン人の大移動,パンノニアから北イタリア・スペインを経て、５世紀前半にアフリカ北岸に建国したゲルマン部族は何か。,ヴァンダル
5,37,ヨーロッパ概要/ゲルマン人の大移動,５世紀初め、ローマ帝国の同盟者としてガリア東南部に移住・建国したゲルマン部族は何か。,ブルグンド
5,37,ヨーロッパ概要/ゲルマン人の大移動,６世紀半ば、パンノニアからイタリア北部に移住し、建国したゲルマン部族は何か。,ランゴバルド
5,37,ヨーロッパ概要/ゲルマン人の大移動,ライン川東岸の原住地を保持しつつ、ガリア北部に移住・拡大したゲルマン部族は何か。,フランク
5,37,ヨーロッパ概要/ゲルマン人の大移動,アングロ＝サクソン人がブリタニア南部に建てた小王国群を何と呼ぶか。,ヘプターキー
5,37,ヨーロッパ概要/ゲルマン人の大移動,５世紀前半、パンノニアに大帝国を形成した、フン人の大王は誰か。,アッティラ
5,37,ヨーロッパ概要/ゲルマン人の大移動,451年、フン人の軍が、パリ東方の地で西ローマとゲルマン人の連合軍に敗れた戦いは何か。,カタラウヌムの戦い
5,37,ヨーロッパ概要/ゲルマン人の大移動,476年、最後の皇帝を廃位して西ローマ帝国を滅亡させた、ゲルマン出身の西ローマの傭兵隊長は誰か。,オドアケル
5,37,ヨーロッパ概要/ゲルマン人の大移動,５世紀末、西ローマを滅ぼした人物による王国を滅ぼし、イタリアに東ゴート王国を建てた指導者（王）は誰か。,テオドリック大王
5,37,ヨーロッパ概要/ゲルマン人の大移動,東ヨーロッパを中心に居住する、ゲルマン人の移動ののちバルカン半島にも進出した印＝欧語系民族は何か。,スラヴ人
5,38,ビザンツ帝国・フランク王国/ローマ＝カトリック,ビザンツ帝国で見られた、皇帝が教会の最高権威者として宗教と政治を統合的に支配する体制を何というか。,皇帝教皇主義
5,38,ビザンツ帝国・フランク王国/ローマ＝カトリック,ユスティニアヌス帝が法学者トリボニアヌスに命じて編纂させた、古代ローマ法規の集大成は何と呼ばれるか。,『ローマ法大全』
5,38,ビザンツ帝国・フランク王国/ローマ＝カトリック,ユスティニアヌス帝が首都に建立させた、ビザンツ様式を代表する大聖堂は何か。,ハギア＝ソフィア聖堂
5,38,ビザンツ帝国・フランク王国/ローマ＝カトリック,ユスティニアヌス帝が中国または内陸アジアから養蚕技術を導入して盛んにした産業は何か。,絹織物産業
5,38,ビザンツ帝国・フランク王国/ローマ＝カトリック,クローヴィスによって５世紀後半に成立した、フランク王国最初の王朝は何か。,メロヴィング朝
5,38,ビザンツ帝国・フランク王国/ローマ＝カトリック,フランク人を統一したクローヴィスは496年、アリウス派から何に改宗したか。,アタナシウス派
5,38,ビザンツ帝国・フランク王国/ローマ＝カトリック,トゥール・ポワティエ間の戦いでフランク軍を勝利に導いた宮宰は誰か。,カール＝マルテル
5,38,ビザンツ帝国・フランク王国/ローマ＝カトリック,ローマ教皇の承認のもと、751年に新王朝を開き、教皇に寄進をした人物は誰か。,ピピン
5,38,ビザンツ帝国・フランク王国/ローマ＝カトリック,ランゴバルド王国を攻撃して、獲得した地域の一部をピピンが教皇に寄進した。その地域名は何か。,ラヴェンナ地方
5,38,ビザンツ帝国・フランク王国/ローマ＝カトリック,カール大帝が従属させた、北ドイツのゲルマン人一派は何か。,ザクセン人
5,38,ビザンツ帝国・フランク王国/ローマ＝カトリック,８世紀末にカール大帝が撃退した、６世紀以後ヨーロッパに侵入してきたアルタイ語系遊牧民は何か。,アヴァール人
5,38,ビザンツ帝国・フランク王国/ローマ＝カトリック,中央集権のためカール大帝が任命し、巡察使を派遣して監督させた、フランク王国の地方行政官の名称は何か。,伯
5,38,ビザンツ帝国・フランク王国/ローマ＝カトリック,カールの戴冠が行われたのは、西暦何年か。,800年
5,38,ビザンツ帝国・フランク王国/ローマ＝カトリック,カール大帝の保護・奨励によった古典文化復興運動は何と呼ばれたか。,カロリング＝ルネサンス
5,38,ビザンツ帝国・フランク王国/ローマ＝カトリック,カール大帝にまねかれたイギリスの神学者は誰か。,アルクイン
5,38,ビザンツ帝国・フランク王国/ローマ＝カトリック,ビザンツ帝国の保護を受けて発展した、東方教会の本山に相当した教会は何か。,コンスタンティノープル教会
5,38,ビザンツ帝国・フランク王国/ローマ＝カトリック,ローマ教会が首座を占めた西ヨーロッパのキリスト教会組織を、一般に何と呼ぶか。,ローマ＝カトリック教会
5,38,ビザンツ帝国・フランク王国/ローマ＝カトリック,使徒と呼ばれたイエスの弟子のうちの筆頭であり、初代教皇とされたのは誰か。,ペテロ
5,38,ビザンツ帝国・フランク王国/ローマ＝カトリック,アングロ＝サクソンなどゲルマン人への布教に大きく貢献した、６世紀末〜７世紀初めの教皇は誰か。,グレゴリウス１世
5,38,ビザンツ帝国・フランク王国/ローマ＝カトリック,聖像禁止令を発布したビザンツ皇帝は誰か。,レオン３世
5,39,神聖ローマとフランスの誕生/ノルマン人の侵入,フランク王国を３分した、843年の条約は何か。,ヴェルダン条約
5,39,神聖ローマとフランスの誕生/ノルマン人の侵入,ロタール1世の死後、弟２人が中部フランクの北部を分割して、王国を最終的に３分した870年の条約は何か。,メルセン条約
5,39,神聖ローマとフランスの誕生/ノルマン人の侵入,オットー1世にローマ皇帝の帝冠を授けた教皇は誰か。,ヨハネス12世
5,39,神聖ローマとフランスの誕生/ノルマン人の侵入,東フランク王国により、955年のレヒフェルトの戦いで西進を阻まれた、ウラル語系民族は何か。,マジャール人
5,39,神聖ローマとフランスの誕生/ノルマン人の侵入,オットー1世がローマ皇帝の帝冠を授かったのは西暦何年か。,962年
5,39,神聖ローマとフランスの誕生/ノルマン人の侵入,オットー1世の戴冠は、のちにある帝国の成立とみなされた。成立した帝国は何か。,神聖ローマ帝国
5,39,神聖ローマとフランスの誕生/ノルマン人の侵入,987年、西フランクでカロリング朝が断絶したのち、パリ伯が新国王に選ばれた。このパリ伯は誰か。,ユーグ＝カペー
5,39,神聖ローマとフランスの誕生/ノルマン人の侵入,「入江の人」を意味すると考えられる、ノルマン人の別称は何か。,ヴァイキング
5,39,神聖ローマとフランスの誕生/ノルマン人の侵入,ノルマン人の原住地を一つ答えなさい。,スカンディナヴィア半島・ユトランド半島・バルト海沿岸
5,39,神聖ローマとフランスの誕生/ノルマン人の侵入,10世紀初め、西フランク王から北フランスの公爵に封じられたノルマン人の首長は誰か。,ロロ
5,39,神聖ローマとフランスの誕生/ノルマン人の侵入,両シチリア王国を建てた人物は誰か。,ルッジェーロ2世
5,39,神聖ローマとフランスの誕生/ノルマン人の侵入,両シチリア王国の首都はどこか。,パレルモ
5,39,神聖ローマとフランスの誕生/ノルマン人の侵入,９世紀前半、ヘプターキーを統一し、最初のイングランド王国を建てた王は誰か。,エグバート
5,39,神聖ローマとフランスの誕生/ノルマン人の侵入,来襲したノルマン（デーン）人を撃退して、９世紀後半にアングロ＝サクソン王国を再統一したイングランド王は誰か。,アルフレッド大王
5,39,神聖ローマとフランスの誕生/ノルマン人の侵入,1016年、イングランドを征服して、デーン朝を開いた人物は誰か。,クヌート
5,39,神聖ローマとフランスの誕生/ノルマン人の侵入,ノルマンディー公ウィリアムによるノルマン＝コンクェストは西暦何年におきた出来事か。,1066年
5,39,神聖ローマとフランスの誕生/ノルマン人の侵入,ノルマン朝を創始したノルマンディー公ウィリアムの、イングランド王としての名は何か。,ウィリアム1世
5,39,神聖ローマとフランスの誕生/ノルマン人の侵入,862年、ノルマン系ルーシによって商業都市国家が建設された。ロシアの起源とされるこの国は何か。,ノヴゴロド国
5,39,神聖ローマとフランスの誕生/ノルマン人の侵入,９世紀後半、スウェーデン地方のノルマン人ルーシを率いてスラヴ人地域に入った首長は誰か。,リューリク
5,39,神聖ローマとフランスの誕生/ノルマン人の侵入,オレグ率いる一派が元の国家から南下し、９世紀後半に建てた国は何か。,キエフ公国
5,40,封建社会の成立,中世ヨーロッパの封建制下で、主君と家臣の双方を拘束した取り決めを何と呼ぶか。,双務的契約
5,40,封建社会の成立,封建的主従関係の構成要素の一つとなった、ローマ帝国末期に開始された、土地をめぐる制度は何か。,恩貸地制
5,40,封建社会の成立,封建的主従関係の構成要素の一つとなった、有力者と自由民とのあいだの保護・忠誠に関する古ゲルマンの風習は何か。,従士制
5,40,封建社会の成立,中世ヨーロッパの封建制度において、臣下が領主に対して封土の代償として提供した、戦争への参加義務を何というか。,軍役
5,40,封建社会の成立,多くが小領主で、騎乗して戦う戦士階級の人びとを何と呼ぶか。,騎士
5,40,封建社会の成立,領主に対する農民の労働地代・生産物地代をそれぞれ何というか。,賦役・貢納
5,40,封建社会の成立,農奴にはどのような身体的自由がないか、二つ答えなさい。,移転・職業選択
5,40,封建社会の成立,荘園制において、農奴が領主のために直接耕作し、その収穫物が領主の収入となる土地を何というか。,領主直営地
5,40,封建社会の成立,荘園制において、農民が領主から貸与され、一部を貢納し、自らの生計のために耕作する土地を何というか。,農民保有地
5,40,封建社会の成立,中世ヨーロッパの荘園において、村の住民が放牧や薪の採取などに共同で利用できた土地を何というか。,共同利用地
5,40,封建社会の成立,農民が教会に納めた税を何と呼ぶか。,十分の一税
5,40,封建社会の成立,領主が領民に行使した裁判権を何と呼ぶか。,領主裁判権
5,40,封建社会の成立,自分の支配地に関して、領主が国王やその官吏の立ち入りと職務執行を免除された権利を何と呼ぶか。,不輸不入権
5,40,封建社会の成立,10～11世紀頃から始まった、秋耕地・春耕地・休耕地に３分して、３年で一巡させる農法は何か。,三圃制
6,41,イスラーム教の諸地域への伝播,９世紀後半に成立し、中央アジアからイラン東部を支配したイラン系イスラーム王朝は何か。,サーマーン朝
6,41,イスラーム教の諸地域への伝播,９世紀以後、イスラーム諸王朝の軍事力の中心となったトルコ人などの白人系奴隷を何と呼ぶか。,マムルーク
6,41,イスラーム教の諸地域への伝播,10世紀末にサーマーン朝を倒し、中央アジアを支配下においた、トルコ系最初のイスラーム王朝は何か。,カラハン朝
6,41,イスラーム教の諸地域への伝播,中央アジアに位置し、トルコ系民族が多く居住する地域であり、歴史的に東西交易の要衝であった地を何というか。,トルキスタン
6,41,イスラーム教の諸地域への伝播,10世紀後半、サーマーン朝のマムルークがアフガニスタンを中心に建てたイスラーム王朝は何か。,ガズナ朝
6,41,イスラーム教の諸地域への伝播,12世紀半ばにアフガニスタンで自立し、その後、ガズナ朝を滅ぼしたイスラーム王朝は何か。,ゴール朝
6,41,イスラーム教の諸地域への伝播,1206〜1526年まで、デリーを都に興亡した５つのイスラーム王朝を何と総称するか。,デリー＝スルタン朝
6,41,イスラーム教の諸地域への伝播,奴隷王朝を建てた、ゴール朝のマムルーク出身の武将は誰か。,アイバク
6,41,イスラーム教の諸地域への伝播,インドに伝わる、心を静め、精神を統一してきたえる修行方法は、何と呼ばれるか。,ヨーガ
6,41,イスラーム教の諸地域への伝播,ムスリム商人がインド洋交易で使用した、三角帆をもつ木造船を何と呼ぶか。,ダウ船
6,41,イスラーム教の諸地域への伝播,10世紀頃中国で建造された遠洋航海用の大型木造帆船は何と呼ばれるか。,ジャンク船
6,41,イスラーム教の諸地域への伝播,14世紀末頃からマレー半島西岸の港市を中心に成立し、15世紀半ばに支配階級がイスラーム教に改宗した国家は何か。,マラッカ王国
6,41,イスラーム教の諸地域への伝播,15世紀末から20世紀初めまで、スマトラ島北部に存在した港市国家は何か。,アチェ王国
6,41,イスラーム教の諸地域への伝播,16世紀末、マジャパヒト王国に代わってジャワ島東部に成立したイスラーム国家は何か。,マタラム王国
6,41,イスラーム教の諸地域への伝播,紀元前後頃エチオピア高原に成立し、後４世紀にクシュ王国を滅ぼした国は何か。,アクスム王国
6,41,イスラーム教の諸地域への伝播,ギニア高原より発し、ギニア湾に注ぐ西アフリカ一の大河は何か。,ニジェール川
6,41,イスラーム教の諸地域への伝播,７世紀頃、西アフリカのニジェール川上流に成立した非イスラームの黒人王国は何か。,ガーナ王国
6,41,イスラーム教の諸地域への伝播,13世紀前半〜15世紀後半、ニジェール川上流と西アフリカを支配した黒人王国は何か。,マリ王国
6,41,イスラーム教の諸地域への伝播,11世紀以降サハラ交易の終点として栄え、西アフリカにおけるイスラーム文化の中心地となったマリ王国の都はどこか。,トンブクトゥ
6,41,イスラーム教の諸地域への伝播,14世紀にマリ王国の最盛期を現出し、またメッカ巡礼を行った王は誰か。,マンサ＝ムーサ
6,41,イスラーム教の諸地域への伝播,15世紀後半に、マリ王国を滅ぼしてニジェール川流域に建てられた黒人王国は何か。,ソンガイ王国
6,41,イスラーム教の諸地域への伝播,サハラ交易において、西アフリカの国々が輸出し、北アフリカから輸入していた代表的な交易品をそれぞれ答えなさい。,金・塩
6,41,イスラーム教の諸地域への伝播,アフリカ東岸の港市の一つで、インド洋貿易で繁栄し、鄭和の艦隊やヴァスコ＝ダ＝ガマが来航したのはどこか。,マリンディ
6,41,イスラーム教の諸地域への伝播,「海岸に住む人」を意味し、東アフリカ海岸部の住民の言語とアラビア語が混じり合って生まれた言語を何と呼ぶか。,スワヒリ語
6,41,イスラーム教の諸地域への伝播,11〜19世紀に、アフリカ南部のザンベジ川流域を支配し、インド洋交易で栄えた黒人王国は何か。,モノモタパ王国
6,42,西アジアの動向①,セルジューク朝の建国者は誰か。,トゥグリル＝ベク
6,42,西アジアの動向①,セルジューク朝がバグダード入城後、アッバース朝カリフから授かった、世俗君主を意味する称号は何か。,スルタン
6,42,西アジアの動向①,十字軍派遣のきっかけともなった、セルジューク朝がアナトリアに進出した1071年の戦いは何か。,マンジケルト(マラズギルト)の戦い
6,42,西アジアの動向①,セルジューク朝で諸制度を整備するとともに、学芸を奨励したイラン系の宰相は誰か。,ニザーム＝アルムルク
6,42,西アジアの動向①,セルジューク朝が各地に開いた、学芸奨励のためのマドラサの名称は何か。,ニザーミーヤ学院
6,42,西アジアの動向①,セルジューク朝が整備した徴税制度は何か。,イクター制
6,42,西アジアの動向①,イスラームの形式主義化に対し、「神との一体」を求める禁欲的な修行を重視した考え方は何と呼ばれるか。,スーフィズム
6,42,西アジアの動向①,セルジューク朝期のイラン系神学者で、のちにスーフィズムの理論化も行った人物は誰か。,ガザーリー
6,42,西アジアの動向①,1258年にアッバース朝を滅ぼしたモンゴル人は誰か。,フレグ
6,42,西アジアの動向①,アッバース朝の滅亡後、タブリーズを都にイランに成立したモンゴル政権は何か。,イル＝ハン国（フレグ＝ウルス）
6,42,西アジアの動向①,イスラーム教を国教とした、イル＝ハン国の第７代の君主は誰か。,ガザン＝ハン
6,42,西アジアの動向①,イル＝ハン国の宰相で、歴史書『集史』を編纂したイラン人政治家・歴史家は誰か。,ラシード＝アッディーン
6,43,西アジアの動向②,ザンギー朝に仕えていたが、12世紀後半エジプトの実権を握って自立し、アイユーブ朝を建てた人物は誰か。,サラーフ＝アディーン(サラディン）
6,43,西アジアの動向②,アイユーブ朝の軍人奴隷出身の軍司令官が、1250年にカイロを都に建てたスンナ派王朝は何か。,マムルーク朝
6,43,西アジアの動向②,マムルーク朝の第５代スルタンで、モンゴル軍の侵入を撃退し、またシリアから十字軍を最終的に撃退した人物は誰か。,バイバルス
6,43,西アジアの動向②,アイユーブ朝とマムルーク朝の保護下で、アレクサンドリアを中心に香辛料貿易を独占した商人団を何と呼ぶか。,カーリミー商人
6,43,西アジアの動向②,ファーティマ朝、アイユーブ朝、マムルーク朝に共通する首都はどこか。,カイロ
6,43,西アジアの動向②,マムルーク朝衰退の一因である、13世紀にヨーロッパを中心に大流行した病気は何か。,ペスト
6,43,西アジアの動向②,アラビア語で「日の没する地」を意味する、エジプト以西の北アフリカ一帯を指したことばは何か。,マグリブ
6,43,西アジアの動向②,とくにモロッコ・アルジェリアの先住民を何と呼ぶか。,ベルベル人
6,43,西アジアの動向②,11世紀後半、モロッコに建て、サハラ地域やイベリア半島に進出したイスラーム王朝は何か。,ムラービト朝
6,43,西アジアの動向②,12世紀前半にモロッコで成立し、ムラービト朝を滅ぼし、イベリア半島にも進出したイスラーム王朝は何か。,ムワッヒド朝
6,43,西アジアの動向②,ムラービト朝が滅ぼした、西アフリカの黒人国家はどこか。,ガーナ王国
6,43,西アジアの動向②,ムラービト朝、ムワッヒド朝の都はどこか。,マラケシュ
6,43,西アジアの動向②,８世紀前半からキリスト教勢力によってイベリア半島で展開された、イスラーム勢力からの半島奪回運動を何と呼ぶか。,レコンキスタ
6,43,西アジアの動向②,イベリア半島最後のイスラーム王朝は何か。,ナスル朝
6,43,西アジアの動向②,1492年、キリスト教徒に陥落させられた、ナスル朝の首都はどこか。,グラナダ
6,43,西アジアの動向②,13世紀より建設されたナスル朝の宮殿で、西方イスラーム世界の代表的建築は何か。,アルハンブラ宮殿
7,44,教会の権威,修道院運動の背景となる、ローマ＝カトリック教会の腐敗に関して、具体的な事例を１つ答えなさい。,聖職売買/聖職者の妻帯
7,44,教会の権威,６世紀前半、西方での修道院運動を開始した、イタリア人の修道者は誰か。,ベネディクトゥス
7,44,教会の権威,ベネディクト修道会は、中部イタリアの何と呼ばれる山にあるか。,モンテ＝カシノ
7,44,教会の権威,ベネディクト修道会は「清貧・純潔・服従」の戒律とともに、信仰と労働を重視するモットーを掲げた。それは何か。,「祈り、かつ働け」
7,44,教会の権威,10世紀初めフランス中東部に設立され、11世紀以降、教会刷新運動の中心となった修道院は何か。,クリュニー修道院
7,44,教会の権威,11世紀末にフランス中部に創設され、12世紀以降、開墾運動の中心として発展した修道会は何か。,シトー修道会
7,44,教会の権威,「アッシジの聖者」と呼ばれた修道士が創始した修道会は何か。,フランチェスコ修道会
7,44,教会の権威,南フランスでの異端カタリ派に対抗する活動ののち創始した托鉢修道会は何か。,ドミニコ修道会
7,44,教会の権威,13世紀に、修道院の封建領主化と富裕化を批判して誕生した、新しいタイプの修道会を何と総称するか。,托鉢修道会
7,44,教会の権威,11世紀後半の叙任権闘争で、神聖ローマ皇帝を破門して屈服させた教皇は誰か。,グレゴリウス7世
7,44,教会の権威,1077年、神聖ローマ皇帝が北イタリアで教皇に謝罪し、破門を許された事件を何と呼ぶか。,カノッサの屈辱
7,44,教会の権威,叙任権闘争の末、破門された神聖ローマ皇帝は誰か。,ハインリヒ4世
7,44,教会の権威,高位聖職者を任命する権限のことを何と呼ぶか。,聖職叙任権
7,44,教会の権威,1122年、ときの教皇と皇帝とのあいだで結ばれ、ドイツ領内における叙任権闘争をいちおう終結させた協約は何か。,ヴォルムス協約
7,44,教会の権威,ビザンツ皇帝から救援を求められ、十字軍を提唱した教皇は誰か。,ウルバヌス2世
7,44,教会の権威,第４回十字軍を提唱したローマ教皇は誰か。,インノケンティウス3世
7,44,教会の権威,教皇権の絶頂期に残されたとされる言葉で、中世ヨーロッパにおいて、教皇権の優位を示すために用いられた比喩は何か。,「教皇は太陽、皇帝は月」
7,45,十字軍とその影響,12〜14世紀に行われた、ドイツ諸侯・騎士・修道院などによる、エルベ川以東への植民活動を何と呼ぶか。,東方植民
7,45,十字軍とその影響,アルプス以北の肥沃で重い土壌を耕す目的で開発された、牛馬につけて用い深耕を可能にした鉄製農具は何か。,重量有輪棃
7,45,十字軍とその影響,1095年、十字軍の派遣が提唱された、フランス中南部で開かれた宗教会議（公会議）は何か。,クレルモン宗教会議
7,45,十字軍とその影響,ビザンツ皇帝から救援を求められ、十字軍を提唱した教皇は誰か。,ウルバヌス2世
7,45,十字軍とその影響,十字軍が初めて派遣されたのは、西暦何年か。,1096年
7,45,十字軍とその影響,第１回十字軍が聖地回復に成功したのち、残留した戦士に封土を与えて成立した封建国家を何と呼ぶか。,イェルサレム王国
7,45,十字軍とその影響,「バルバロッサ」のあだ名をもち、第３回十字軍に参加した神聖ローマ皇帝は誰か。,フリードリヒ1世
7,45,十字軍とその影響,第３回十字軍に参加するも、イギリスの王との対立などが原因で途中で撤退をしたフランス国王は誰か。,フィリップ2世
7,45,十字軍とその影響,サラーフ＝アッディーンと戦った、「獅子心王」の名で呼ばれたイギリス国王は誰か。,リチャード1世
7,45,十字軍とその影響,第４回十字軍を提唱したローマ教皇は誰か。,インノケンティウス3世
7,45,十字軍とその影響,第４回十字軍がコンスタンティノープルを占領した背景にはある都市の商人の要求があった。どこの商人か。,ヴェネツィア
7,45,十字軍とその影響,第４回十字軍がコンスタンティノープルを占領して建てた国は何か。,ラテン帝国
7,45,十字軍とその影響,第6回・第7回十字軍を主導し、「聖王」とも称された中世フランス・カペー朝の国王は誰か。,ルイ9世
7,45,十字軍とその影響,1291年、イェルサレム王国の最後の拠点であった都市が陥落し、十字軍時代が終了した。その都市はどこか。,アッコン
7,45,十字軍とその影響,十字軍遠征の際に、巡礼者の保護や異教徒との戦闘を目的に組織されたものを総称して何というか。,宗教騎士団
7,45,十字軍とその影響,十字軍遠征の結果活発になった、北イタリア諸都市が地中海東岸（レヴァント）地域と行った貿易を何と呼ぶか。,東方貿易
7,45,十字軍とその影響,十字軍遠征の結果、権力が向上したのは、教皇、国王、諸侯・騎士のうちどれか。,国王
7,46,中世ヨーロッパの商業と人々のくらし,ベルギーの歴史家ピレンヌがとなえた、中世ヨーロッパでの11～12世紀の「商業の復活」の別称は何か。,商業ルネサンス
7,46,中世ヨーロッパの商業と人々のくらし,ヨーロッパでは地中海圏と北海・バルト海圏とを結ぶ商業活動が活発化した。この商業活動を何と呼ぶか。,遠隔地貿易
7,46,中世ヨーロッパの商業と人々のくらし,中世ヨーロッパにおいて、羊毛の産地で、大陸に輸出していたブリテン島の都市はどこか。,ロンドン
7,46,中世ヨーロッパの商業と人々のくらし,現在のベルギーにあたり、毛織物業が盛んであったネーデルラント南西部の地域名は何か。,フランドル地方
7,46,中世ヨーロッパの商業と人々のくらし,バルト海沿岸に位置し、ハンザ同盟の盟主だった都市はどこか。,リューベック
7,46,中世ヨーロッパの商業と人々のくらし,リューベックを盟主に、最盛期には100以上の都市が加盟し、商業で繁栄した北海・バルト海一帯の都市同盟は何か。,ハンザ同盟
7,46,中世ヨーロッパの商業と人々のくらし,フランス東北部の地方で、地中海・北海の両商業圏の中間に位置し、大定期市が開かれた地方の名称は何か。,シャンパーニュ地方
7,46,中世ヨーロッパの商業と人々のくらし,15〜16世紀に銀山経営でフッガー家が台頭した、南ドイツの都市はどこか。,アウクスブルク
7,46,中世ヨーロッパの商業と人々のくらし,イタリアにおける都市同盟の盟主ともなった、ロンバルディア地方の都市はどこか。,ミラノ
7,46,中世ヨーロッパの商業と人々のくらし,トスカナ平野にあって毛織物業と金融業で繁栄し、一時メディチ家が市政を独裁した都市はどこか。,フィレンツェ
7,46,中世ヨーロッパの商業と人々のくらし,第４回十字軍の際に艦船を提供した、「アドリア海の女王」と呼ばれた港市はどこか。,ヴェネツィア
7,46,中世ヨーロッパの商業と人々のくらし,ミラノを盟主に、神聖ローマ皇帝の南下に対抗した、北イタリア諸都市が結成した都市同盟は何か。,ロンバルディア同盟
7,46,中世ヨーロッパの商業と人々のくらし,北イタリア諸都市が地中海東岸地域と行った貿易を何と呼ぶか。,東方貿易（レヴァント貿易）
7,46,中世ヨーロッパの商業と人々のくらし,東方貿易で北イタリアの商人がムスリム商人から買い取った商品を２種答えなさい。,香辛料・絹織物
7,46,中世ヨーロッパの商業と人々のくらし,北・中部イタリアで成立した、市民自身が市政を運営する自治都市は、何と呼ばれたか。,コムーネ
7,46,中世ヨーロッパの商業と人々のくらし,13世紀以降ドイツで成立した、自治権を獲得して皇帝に直属する都市をとくに何と呼ぶか。,帝国都市
7,46,中世ヨーロッパの商業と人々のくらし,都市は、国王・封建領主たちから権力の委譲・放棄を認める文書の獲得をめざした。この文書を何と呼ぶか。,特許状
7,46,中世ヨーロッパの商業と人々のくらし,中世末期、ドイツでは農奴が都市に逃れ、住みつづけると農奴身分から自由になれることを指す諺が生まれた。この諺は何か。,「都市の空気は自由にする」
7,46,中世ヨーロッパの商業と人々のくらし,13世紀以降、自治都市で市政運営の中心となった大商人による同業組合は何か。,商業ギルド
7,46,中世ヨーロッパの商業と人々のくらし,徒弟制度などの厳格な規約をもつ、手工業者の代表たちによる組合を何と呼ぶか。,同職ギルド（ツンフト）
7,46,中世ヨーロッパの商業と人々のくらし,アウクスブルク近郊の銀山経営を独占した、15〜16世紀のヨーロッパ最大の金融業者は何家か。,フッガー家
7,46,中世ヨーロッパの商業と人々のくらし,ルネサンスのとき文芸を保護したことでも知られる、フィレンツェの大富豪は何家か。,メディチ家
7,47,ビザンツ帝国・スラヴ人,第４回十字軍がコンスタンティノープルを占領して建てた国は何か。,ラテン帝国
7,47,ビザンツ帝国・スラヴ人,ビザンツ帝国を滅ぼした時の、オスマン帝国のスルタンは誰か。,メフメト２世
7,47,ビザンツ帝国・スラヴ人,ビザンツ帝国が滅亡したのは西暦何年か。,1453年
7,47,ビザンツ帝国・スラヴ人,ビザンツ帝国で７世紀から開始された、いくつかの区に分け、司令官に軍事・行政の権限を与える地方統治制度を何と呼ぶか。,軍管区制(テマ制)
7,47,ビザンツ帝国・スラヴ人,その治世下で公用語が替わった、テマ制を始めたとされる７世紀前半のビザンツ皇帝は誰か。,ヘラクレイオス１世
7,47,ビザンツ帝国・スラヴ人,テマ制のもとで、兵士や農民に土地を与え、代わりに兵役義務を課した。これは何と呼ばれるか。,屯田兵制
7,47,ビザンツ帝国・スラヴ人,ビザンツで実施された、有力者に一代限りで国有地・住民の管理を認め、代償に軍役奉仕を課した土地制度を何と呼ぶか。,プロノイア制
7,47,ビザンツ帝国・スラヴ人,７世紀以後、ビザンツ帝国で公用語化した言語は何か。,ギリシア語
7,47,ビザンツ帝国・スラヴ人,東方教会で多く用いられた、キリスト・聖者・宗教的情景が描かれた聖像画を何と呼ぶか。,イコン美術
7,47,ビザンツ帝国・スラヴ人,ビザンツ様式の特徴を２点答えなさい。,ドーム・モザイク壁画
7,47,ビザンツ帝国・スラヴ人,北イタリアのラヴェンナに建設された、ビザンツ様式を代表する聖堂は何か。,サン＝ヴィターレ聖堂
7,47,ビザンツ帝国・スラヴ人,10世紀後半、ビザンツ皇帝の妹との結婚を機に、ギリシア正教に改宗した上記5の大公は誰か。,ウラディミル１世
7,47,ビザンツ帝国・スラヴ人,キプチャク＝ハン国によるロシア諸侯の支配を例えたことばは何か。,「タタールのくびき」
7,47,ビザンツ帝国・スラヴ人,1480年、キプチャク＝ハン国から自立した国は何か。,モスクワ大公国
7,47,ビザンツ帝国・スラヴ人,1480年、キプチャク＝ハン国から自立した国の当時の指導者は誰か。,イヴァン３世
7,47,ビザンツ帝国・スラヴ人,16世紀に皇帝として即位し、専制政治を強化してロシアの中央集権化を進めた「雷帝」と称される君主は誰か。,イヴァン４世
7,47,ビザンツ帝国・スラヴ人,ロシアにおける皇帝を意味する称号は何か。,ツァーリ
7,47,ビザンツ帝国・スラヴ人,７世紀頃バルカン半島南西部に入り、ギリシア正教を受け入れ、12世紀に王国を建てた南スラヴ系の民族は何か。,セルビア人
7,47,ビザンツ帝国・スラヴ人,フランク王国に服属してカトリックに改宗し、独立後も、12世紀初めからハンガリーに支配された南スラヴ系の民族は何か。,クロアティア人
7,47,ビザンツ帝国・スラヴ人,現在のチェコにあたり、中世以降ハプスブルク家の支配下に置かれ、神聖ローマ帝国の構成国の一つとされた王国は何か。,ベーメン（ボヘミア）王国
7,47,ビザンツ帝国・スラヴ人,14世紀半ばに全盛期を現出させた、ポーランドの歴史上ただ一人、大王の称号を付与された王は誰か。,カジミェシュ大王
7,47,ビザンツ帝国・スラヴ人,14世紀後半、ドイツ騎士団の進出に対抗するため、東ヨーロッパで成立した同君連合国家は何か。,リトアニア＝ポーランド王国
7,47,ビザンツ帝国・スラヴ人,クラクフを首都とした、リトアニア＝ポーランド王国の王朝名は何か。,ヤゲウォ朝
7,47,ビザンツ帝国・スラヴ人,7世紀末に建国され、ビザンツ帝国と抗争を繰り広げた、スラヴ系を中心とする最初のブルガール人の国家を何というか。,第１次ブルガリア帝国
7,47,ビザンツ帝国・スラヴ人,９世紀末パンノニア（現在のハンガリー盆地一帯）に定住したウラル語系民族は何か。,マジャール人
7,48,封建社会と教皇圏の衰退,14世紀半ば、西欧で大流行し、人口の約３分の１を減少させた病気は何か。,黒死病（ペスト）
7,48,封建社会と教皇圏の衰退,14世紀以降誕生した、農奴身分から解放された農民をイギリスでは何と呼ぶか。,独立自営農民（ヨーマン）
7,48,封建社会と教皇圏の衰退,中世末期から近世初頭のイギリスで、騎士や富裕な平民が地主化した階層を、何と呼ぶか。,ジェントリ
7,48,封建社会と教皇圏の衰退,封建反動に対し、1358年に北フランスの農民がおこした反乱は何か。,ジャックリーの乱
7,48,封建社会と教皇圏の衰退,ジャックリーの乱の指導者は誰か。,ギヨーム＝カイエ
7,48,封建社会と教皇圏の衰退,1381年にイギリス東南部でおこった農民の反乱は何か。,ワット＝タイラーの乱
7,48,封建社会と教皇圏の衰退,ワット＝タイラーの乱の指導者は、ワット＝タイラーと誰か。,ジョン＝ボール
7,48,封建社会と教皇圏の衰退,ジョン＝ボールの発言とされる、身分や血統による優劣を否定し、人間の平等を主張する言葉は何か。,「アダムが耕しイヴが紡いだ時、誰が貴族だったか」
7,48,封建社会と教皇圏の衰退,戦術を変化させ、騎士階級の没落を早めた兵器は何か。,火砲
7,48,封建社会と教皇圏の衰退,荘園経営のゆきづまりや戦術の変化で没落した中小貴族や騎士がなった、宮廷で働く官僚を何と呼んだか。,廷臣
7,48,封建社会と教皇圏の衰退,聖職者課税問題で、フランス国王と争った教皇は誰か。,ボニファティウス8世
7,48,封建社会と教皇圏の衰退,聖職者課税問題で全国三部会を招集し、さらに教皇と争ったフランス国王は誰か。,フィリップ4世
7,48,封建社会と教皇圏の衰退,1303年、教皇がローマ近郊で捕囚された出来事は何と呼ばれるか。,アナーニ事件
7,48,封建社会と教皇圏の衰退,1309〜77年まで教皇と教皇庁が移転させられたことを、古代ユダヤ教徒の故事になぞらえて何と呼ぶか。,「教皇のバビロン捕囚」
7,48,封建社会と教皇圏の衰退,1378〜1417年まで、教皇が南フランスの都市とローマに並立し、ローマ教会の中心が分裂した状態を何と呼ぶか。,教会大分裂（大シスマ）
7,48,封建社会と教皇圏の衰退,教会大分裂をみて教皇や教会制度を批判し、聖書の尊重をとなえたオクスフォード大学神学教授は誰か。,ウィクリフ
7,48,封建社会と教皇圏の衰退,聖書主義に共鳴したが、コンスタンツ公会議で異端として焚刑にされたプラハ大学総長は誰か。,フス
7,48,封建社会と教皇圏の衰退,1414〜18年に神聖ローマ皇帝の提唱で開かれ、教会大分裂を終わらせた公会議は何か。,コンスタンツ公会議
7,48,封建社会と教皇圏の衰退,コンスタンツ公会議を提唱した、神聖ローマ皇帝は誰か。,ジギスムント
7,48,封建社会と教皇圏の衰退,1419年から、処刑された人物の説を支持するベーメンの住民が抗議しておこした戦争は何か。,フス戦争
7,49,英仏の中央集権化と百年戦争,1154年に、アンジュー伯が開いたイギリスの王朝は何か。,プランタジネット朝
7,49,英仏の中央集権化と百年戦争,プランタジネット朝の創始者（初代国王）は誰か。,ヘンリ2世
7,49,英仏の中央集権化と百年戦争,「欠地王」と呼ばれたイギリス国王は誰か。,ジョン
7,49,英仏の中央集権化と百年戦争,12世紀末に即位し、「欠地王」と戦ってフランス国内のイギリス王領の大半を奪った、カペー朝の国王は誰か。,フィリップ2世
7,49,英仏の中央集権化と百年戦争,カンタベリ司教任命権争いの末、「欠地王」を破門にした教皇は誰か。,インノケンティウス3世
7,49,英仏の中央集権化と百年戦争,1215年、失政を続ける「欠地王」に対して貴族が団結して認めさせた、イギリス立憲政治の基礎となった規定は何か。,大憲章（マグナ＝カルタ）
7,49,英仏の中央集権化と百年戦争,大憲章の規定は、「国王による新たな＿＿は、貴族や聖職者による＿＿が必要」空欄に当てはまる語をそれそれ答えなさい。,課税/議会の承認
7,49,英仏の中央集権化と百年戦争,大憲章を無視したため、1258年に貴族の反乱をまねいたイギリス国王は誰か。,ヘンリ3世
7,49,英仏の中央集権化と百年戦争,1265年にイギリス議会の起源とされる議会をヘンリ３世に認めさせた貴族は誰か。,シモン＝ド＝モンフォール
7,49,英仏の中央集権化と百年戦争,1295年に招集された、高位聖職者・大貴族のほか、各州２名の騎士、各都市２名の市民から構成された議会は何か。,模範議会
7,49,英仏の中央集権化と百年戦争,南フランスで広まり、国王による十字軍によって征服された、カタリ派の系列の異端の名称は何か。,アルビジョワ派
7,49,英仏の中央集権化と百年戦争,カペー朝の断絶で、1328年に成立したフランスの新王朝は何か。,ヴァロワ朝
7,49,英仏の中央集権化と百年戦争,カペー朝断絶後に即位して王朝を開いたが、イギリスとの間で百年戦争を引き起こす原因の一つとなったフランス王は誰か。,フィリップ6世
7,49,英仏の中央集権化と百年戦争,カペー朝の断絶に際し、フランス王位継承権を主張したイギリス国王は誰か。,エドワード3世
7,49,英仏の中央集権化と百年戦争,中世ヨーロッパにおいて毛織物業が盛んであった、現在のベルギーを中心とした地方名は何か。,フランドル地方
7,49,英仏の中央集権化と百年戦争,イギリスの王が、カペー朝断絶後のフランス王位継承権を主張した理由は何か。,国王の母がカペー家出身だったため
7,49,英仏の中央集権化と百年戦争,百年戦争のなか、1346年にイギリス王の率いた軍がフランス軍に大勝した戦いは何か。,クレシーの戦い
7,49,英仏の中央集権化と百年戦争,百年戦争でイギリス軍が主力とした兵種で、フランス騎士軍に大打撃を与えたのは何か。,長弓隊
7,49,英仏の中央集権化と百年戦争,ポワティエの戦いで、フランス軍に大勝したイギリス王の長子は誰か。,エドワード黒太子
7,49,英仏の中央集権化と百年戦争,ジャンヌ＝ダルクの助けをもらい、滞在地からランスに行き、正式に戴冠したフランス王は誰か。,シャルル7世
7,49,英仏の中央集権化と百年戦争,神のお告げを受けたとして、フランス軍を率い、百年戦争の勝利に導いた少女は誰か。,ジャンヌ＝ダルク
7,49,英仏の中央集権化と百年戦争,百年戦争中、1429年にイギリス軍に包囲された、フランス中部の小都市はどこか。,オルレアン
7,49,英仏の中央集権化と百年戦争,シャルル７世も設置した、平時から直接維持・管理する軍隊を何というか。,常備軍
7,49,英仏の中央集権化と百年戦争,百年戦争が終結したのは西暦何年か。,1453年
7,49,英仏の中央集権化と百年戦争,バラ戦争で争った二つの家系を答えなさい。,ランカスター家/ヨーク家
7,49,英仏の中央集権化と百年戦争,バラ戦争をおさめて、新国王となったのは誰か。,ヘンリ７世
7,49,英仏の中央集権化と百年戦争,1485年に成立したイングランドの新王朝は何か。,テューダー朝
7,49,英仏の中央集権化と百年戦争,ヘンリ８世によって宮殿の「星の間」に設置された、身分の高い者を裁く国王直属の裁判所は何と呼ばれるか。,星室庁裁判所
7,50,イベリア半島・北欧とドイツ・イタリアの消長,イベリア半島で８世紀から始まった、イスラーム教徒を駆逐しようとしたキリスト教徒の運動を何と呼ぶか。,レコンキスタ(国土回復運動)
7,50,イベリア半島・北欧とドイツ・イタリアの消長,スペイン(イスパニア)王国は、何という国家が統合された結果誕生したか。二つ国家を答えなさい。,カスティリャ王国・アラゴン王国
7,50,イベリア半島・北欧とドイツ・イタリアの消長,成立したスペイン王国の共同統治者となった女王は誰か。,イサベル
7,50,イベリア半島・北欧とドイツ・イタリアの消長,1492年、スペイン王国が陥落させた、ナスル朝の最後の都はどこか。,グラナダ
7,50,イベリア半島・北欧とドイツ・イタリアの消長,15世紀後半にポルトガル王国の統一を達成し、またインド航路の開拓を進めた国王は誰か。,ジョアン2世
7,50,イベリア半島・北欧とドイツ・イタリアの消長,フリードリヒ１世・フリードリヒ２世時代が最盛期で、13世紀半ばに断絶した神聖ローマ皇帝家の王朝名は何か。,シュタウフェン朝
7,50,イベリア半島・北欧とドイツ・イタリアの消長,1256〜73年まで続いた実質的な神聖ローマ皇帝不在の時代を何と呼ぶか。,大空位時代
7,50,イベリア半島・北欧とドイツ・イタリアの消長,13〜14世紀に、ドイツ地域に約300もあった地方主権国家は何と呼ばれるか。,領邦
7,50,イベリア半島・北欧とドイツ・イタリアの消長,1438年から神聖ローマ皇帝位をほぼ独占することになる、オーストリア地域を支配した名家は何か。,ハプスブルク家
7,50,イベリア半島・北欧とドイツ・イタリアの消長,金印勅書を発布した、神聖ローマ皇帝兼ベーメン王は誰か。,カール4世
7,50,イベリア半島・北欧とドイツ・イタリアの消長,1356年、皇帝選出権を７人の選帝侯がもつことを認める帝国法が出された。これを何と呼ぶか。,金印勅書
7,50,イベリア半島・北欧とドイツ・イタリアの消長,12～14世紀に行われた、ドイツ人のエルベ川以東への入植運動を何と呼ぶか。,東方植民
7,50,イベリア半島・北欧とドイツ・イタリアの消長,スイスの独立は1648年の何という条約で正式に認められたか。,ウェストファリア条約
7,50,イベリア半島・北欧とドイツ・イタリアの消長,両シチリア王国は何と何という国家に分裂したか。,シチリア王国・ナポリ王国
7,50,イベリア半島・北欧とドイツ・イタリアの消長,都市の大商人が多かった、イタリアでの教皇支持派を何と呼ぶか。,教皇党(ゲルフ)
7,50,イベリア半島・北欧とドイツ・イタリアの消長,貴族や領主が多かった、イタリアでの皇帝支持派を何と呼ぶか。,皇帝党(ギベリン)
7,50,イベリア半島・北欧とドイツ・イタリアの消長,1397年、デンマーク王家の支配下で北欧３国が結成した同君連合を何と呼ぶか。,カルマル同盟
7,50,イベリア半島・北欧とドイツ・イタリアの消長,摂政としてデンマーク連合王国の実権を握り、カルマル同盟を指揮したデンマーク王女は誰か。,マルグレーテ
7,51,西ヨーロッパの中世文化,大学の誕生、新建築様式の創出などがみられた、12世紀の文化発展を何と総称するか。,12世紀ルネサンス
7,51,西ヨーロッパの中世文化,12世紀以降、イスラーム世界で醸成された文化が流入したことで、何語による古典文化が復活したか。,ラテン語
7,51,西ヨーロッパの中世文化,12世紀半ば、パリ大司教を長として、私塾の教師や学生によって結成され、神学の最高権威となった大学はどこか。,パリ大学
7,51,西ヨーロッパの中世文化,12世紀後半、パリ大学を範に設立され、イギリスでの神学の中心となった大学はどこか。,オクスフォード大学
7,51,西ヨーロッパの中世文化,11世紀末、北イタリアに設立された世界最古の大学で、法学の研究で有名であったのはどこか。,ボローニャ大学
7,51,西ヨーロッパの中世文化,中世の大学の一つで、医学で有名であった南イタリアの大学はどこか。,サレルノ大学
7,51,西ヨーロッパの中世文化,キリスト教教理とアリストテレス哲学が結びついて体系化された、中世の神学・哲学を何と呼ぶか。,スコラ学
7,51,西ヨーロッパの中世文化,中世ヨーロッパにおいて、信仰を理性によって補強しようとするスコラ哲学の立場を象徴する言葉は何か。,「哲学は神学の婢」
7,51,西ヨーロッパの中世文化,実在論をとなえ、「スコラ学の父」と呼ばれたカンタベリ大司教は誰か。,アンセルムス
7,51,西ヨーロッパの中世文化,唯名論を主張したフランスの学者は誰か。,アベラール
7,51,西ヨーロッパの中世文化,唯名論に立ち、信仰と理性、神学と哲学を区別した、14世紀前半のイギリスのスコラ学者は誰か。,ウィリアム＝オブ＝オッカム
7,51,西ヨーロッパの中世文化,普遍論争をいちおう解決したとされ、スコラ学の大成者と呼ばれるパリ大学教授は誰か。,トマス＝アクィナス
7,51,西ヨーロッパの中世文化,トマス＝アクィナスが執筆した、スコラ学を体系的に解説した書物は何か。,『神学大全』
7,51,西ヨーロッパの中世文化,イスラーム諸学の影響を受け、経験を重視し、近代自然科学への道を開いたイギリスのスコラ学者は誰か。,ロジャー＝ベーコン
7,51,西ヨーロッパの中世文化,中世騎士の理想像や冒険を主題とした、口語の宮廷文学を何と呼ぶか。,騎士道物語
7,51,西ヨーロッパの中世文化,フランスで成立した、カール大帝の対イスラーム戦を舞台に、騎士の武勲や恋をうたった作品は何か。,『ローランの歌』
7,51,西ヨーロッパの中世文化,ウェールズ地方で生まれた、ケルト人（ブリトン人）の伝説的英雄を題材とした作品は何か。,『アーサー王物語』
7,51,西ヨーロッパの中世文化,民族移動期の史実や伝説を素材とした、ブルグンドの大英雄叙事詩は何か。,『ニーベルンゲンの歌』
7,51,西ヨーロッパの中世文化,11〜12世紀に西欧で発達した、「ローマ風」を意味する、重厚・荘重さをもつ建築様式は何か。,ロマネスク様式
7,51,西ヨーロッパの中世文化,12世紀に北フランスからおこった、尖頭アーチと広い窓をもち、大規模な教会建築の主流となった様式は何か。,ゴシック様式
7,51,西ヨーロッパの中世文化,イタリアにおける、ロマネスク様式の代表的聖堂は何か。,ピサ大聖堂
7,51,西ヨーロッパの中世文化,12世紀に着工され、13世紀にほぼ完成した、パリにあるゴシック様式の代表的聖堂は何か。,ノートルダム大聖堂
7,52,東アジアの勢力交替,遼の都はどこか。,上京臨潢府
7,52,東アジアの勢力交替,遼河支流のシラ＝ムレン川流域で遊牧生活を営み、キタイと呼ばれていた遊牧狩猟民の中国名は何か。,契丹
7,52,東アジアの勢力交替,遼の建国者（太祖）で、その後、926年には渤海を滅ぼした人物は誰か。,耶律阿保機
7,52,東アジアの勢力交替,936年、五代の後晋の建国を援助した代償として遼が獲得した、現在の北京・大同を中心とした地域名は何か。,燕雲十六州
7,52,東アジアの勢力交替,1004年に結ばれた、宋を兄、遼を弟とし、毎年銀と絹を受け取ることを内容とした、宋との講和条約は何か。,澶淵の盟
7,52,東アジアの勢力交替,遼の二重統治体制について、北方の遊牧民・南方の定住民それぞれをどのような制度で統治したか。,部族制/州県制
7,52,東アジアの勢力交替,金に敗れて遼が滅亡したのち、中央アジアに西遼（カラ・キタイ）を建てた人物は誰か。,耶律大石
7,52,東アジアの勢力交替,西夏の都はどこか。,興慶
7,52,東アジアの勢力交替,西夏の建国者は誰か。,李元昊
7,52,東アジアの勢力交替,11世紀、北宋と西夏との戦争の後に結ばれ、宋が歳賜を送ることで一時的に和平が成立した条約を何というか。,慶暦の和約
7,52,東アジアの勢力交替,12世紀半ばから金の首都となった、中都（現北京）の遼時代の呼び名は何か。,燕京
7,52,東アジアの勢力交替,完顔部の首長で、金の初代皇帝（太祖）となったのは誰か。,完顔阿骨打
7,52,東アジアの勢力交替,自民族の部族組織を基に、300戸から100人を徴兵することを基礎とした金の軍事・行政組織は何か。,猛安・謀克
7,52,東アジアの勢力交替,遼を滅ぼした金が、宋の違約を理由に開封を占領し、1127年に宋（北宋）を滅ぼした事件を何と呼ぶか。,靖康の変
7,52,東アジアの勢力交替,契丹文字と漢字を母体につくられた金の民族文字は何か。,女真文字
7,52,東アジアの勢力交替,金の時代、華北で成立した、儒教・仏教・道教を調和させた道教の一派の名称は何か。,全真教
7,52,東アジアの勢力交替,全真教を創始した道士は誰か。,王重陽
7,52,東アジアの勢力交替,金や元で発行された紙幣で、銀と交換可能とされたが、元代、乱発により信用が低下したものは何か。,交鈔
7,52,東アジアの勢力交替,手形から発展した、北宋で発行された世界最古の紙幣は何か。,交子
7,52,東アジアの勢力交替,高麗の都はどこか。,開城
7,52,東アジアの勢力交替,高麗のとき形成され、朝鮮時代には党争を繰り返した政治・社会の特権階層を何と呼ぶか。,両班
7,52,東アジアの勢力交替,高麗で、世界で最初に使用されたとされる、印刷活字は何か。,金属活字
7,52,東アジアの勢力交替,宋代に、雲南地方に存在した国は何か。,大理
7,52,東アジアの勢力交替,藤原氏の摂関政治時代を中心として発達した、日本風の貴族文化を何と呼ぶか。,国風文化
7,52,東アジアの勢力交替,平氏政権のときから鎌倉中期にかけて行われた、日本と中国との貿易を何と呼ぶか。,日宋貿易
7,53,五代・北宋・南宋の情勢,後唐を除く、汴州とも呼ばれる五代と北宋の首都はどこか。,開封
7,53,五代・北宋・南宋の情勢,北宋の首都のにぎわう様子を描いた、張択端の作となる絵巻物は何か。,「清明上河図」
7,53,五代・北宋・南宋の情勢,北宋の建国者は誰か。,趙匡胤
7,53,五代・北宋・南宋の情勢,北宋が建国されたのは西暦何年か。,960年
7,53,五代・北宋・南宋の情勢,979年に中国統一を完成した、北宋の第２代皇帝は誰か。,太宗
7,53,五代・北宋・南宋の情勢,君主独裁制を確立するため、北宋が採用した、文人官僚優位の統治政策を何と呼ぶか。,文治主義
7,53,五代・北宋・南宋の情勢,北宋の初代皇帝のとき、科挙が完成された。このとき科挙の最終試験として設けられたものは何か。,殿試
7,53,五代・北宋・南宋の情勢,宋代以降、儒教的教養をもつ社会的支配層を指した名称は何か。,士大夫
7,53,五代・北宋・南宋の情勢,中国の王朝で皇帝直属の軍隊として宮廷の警備や皇帝の護衛を担当した、常設の精鋭軍を何というか。,禁軍
7,53,五代・北宋・南宋の情勢,北宋で新法が実施されたときの皇帝は誰か。,神宗
7,53,五代・北宋・南宋の情勢,宰相として新法を実施した、政治家にして唐宋八大家の一人でもある人物は誰か。,王安石
7,53,五代・北宋・南宋の情勢,新法の一つで、小農民救済のため、植え付け時に穀物や資金を低利で貸し付けた法は何か。,青苗法
7,53,五代・北宋・南宋の情勢,新法の一つで、中小商人の保護を目的とした低利融資法は何か。,市易法
7,53,五代・北宋・南宋の情勢,新法の一つで、農閑期に軍事訓練を行い、民兵の養成をはかった法は何か。,保甲法
7,53,五代・北宋・南宋の情勢,旧法党の中心的人物は誰か。,司馬光
7,53,五代・北宋・南宋の情勢,靖康の変で北方に連れ去られた上皇/皇帝は誰か、それぞれ答えなさい。,徽宗/欽宗
7,53,五代・北宋・南宋の情勢,南宋の首都はどこか。,臨安
7,53,五代・北宋・南宋の情勢,宋を再建させた(南宋を建国した)皇帝は誰か。,高宗
7,53,五代・北宋・南宋の情勢,金との和平をとなえた、南宋の中心的政治家は誰か。,秦檜
7,53,五代・北宋・南宋の情勢,金への抗戦をとなえた、南宋の主戦派の武将は誰か。,岳飛
7,53,五代・北宋・南宋の情勢,12世紀、南宋と金の間で結ばれ、南宋が金に臣下の礼をとり歳賜を送ることを約束して講和が成立した条約を何というか。,紹興の和約
7,53,五代・北宋・南宋の情勢,金と南宋の国境線となった河川は何か。,淮河
7,54,宋代の経済と文化,宋代に数多くあらわれた、城壁の外などで自然発生的に生まれた定期市の交易場は何と呼ばれたか。,草市
7,54,宋代の経済と文化,草市から発展したものが多い、地方の小都市は何と呼ばれたか。,鎮
7,54,宋代の経済と文化,営業の独占や相互扶助を目的につくられた、宋代の同業商人の組合は何か。,行
7,54,宋代の経済と文化,宋代の手工業者の同業組合は何か。,作
7,54,宋代の経済と文化,大量に鋳造され、隣接諸地域でも流通した宋銭とも呼ばれた貨幣は何か。,銅銭
7,54,宋代の経済と文化,手形から発展した、北宋で発行された世界最古の紙幣は何か。,交子
7,54,宋代の経済と文化,南宋で発行された紙幣は何か。,会子
7,54,宋代の経済と文化,江西省にある、陶磁器業で有名な都市はどこか。,景徳鎮
7,54,宋代の経済と文化,唐代中期には一般民衆にも広まり、宋代になると国内のみならず、周辺民族にも普及した飲み物は何か。,茶
7,54,宋代の経済と文化,唐や宋の時代に中国で発達し、日本や朝鮮にも影響を与えた、青緑色や白色の釉薬をかけた陶磁器をそれぞれ何というか。,青磁・白磁
7,54,宋代の経済と文化,宋代中期から、江南地方が中国の穀倉地帯の中心となったことを示すことばは何か。,「蘇湖熟すれば天下足る」
7,54,宋代の経済と文化,北宋のときベトナムから種子が取りよせられた、日照りに強い早稲種は何か。,占城稲
7,54,宋代の経済と文化,宋代以降、儒教的教養をもつ社会的支配層を指した名称は何か。,士大夫
7,54,宋代の経済と文化,宋代に成立した、新しい宇宙観や実践倫理を探究する、新しい儒学を何と呼んだか。,宋学（朱子学）
7,54,宋代の経済と文化,道家思想や仏教哲学を導入しながら『太極図説』を著し、上記2の先駆者となった北宋の儒学者は誰か。,周敦頤
7,54,宋代の経済と文化,朱子学を大成し、格物致知、理気二元論、性即理説などを説いた、南宋の儒学者は誰か。,朱熹
7,54,宋代の経済と文化,四書のうち、２つ答えなさい。,『大学』『中庸』『論語』『孟子』
7,54,宋代の経済と文化,旧法党の中心人物でもある司馬光が、戦国時代から五代末までを編年体で著した史書は何か。,『資治通鑑』
7,54,宋代の経済と文化,宋代、画院に属する画家が描いた、写実的で装飾的な宮廷様式の画風を何と呼ぶか。,院体画
7,54,宋代の経済と文化,宋代、絵画の専門家でない文人が、山水・人物などを水墨や細い線で余技に描いた画風を何と呼ぶか。,文人画
7,55,モンゴル帝国の形成,チンギス＝カンの本名は何か。,テムジン
7,55,モンゴル帝国の形成,モンゴル語で「集会」を意味する、最高議決機関は何か。,クリルタイ
7,55,モンゴル帝国の形成,チンギス＝カンが「カン」の称号を得たのは西暦何年か。,1206年
7,55,モンゴル帝国の形成,チンギス＝カンが組織したモンゴル帝国の政治・軍事制度の名称は何か。,千戸制
7,55,モンゴル帝国の形成,一時西遼を乗っ取ったが、チンギス＝カンの派遣軍に滅ぼされた遊牧トルコ系部族の名称は何か。,ナイマン
7,55,モンゴル帝国の形成,チンギス＝カンの後を継ぎ、大モンゴル国を支配したカアンは誰か。,オゴデイ
7,55,モンゴル帝国の形成,1234年に滅ぼされた、中国東北地方を本拠地とした国はどこか。,金
7,55,モンゴル帝国の形成,２代指導者の時に設定された、大モンゴル国の首都はどこか。,カラコルム
7,55,モンゴル帝国の形成,２代指導者の命でヨーロッパ遠征軍の総司令官となったのは誰か。,バトゥ
7,55,モンゴル帝国の形成,モンゴルの遠征軍が、ポーランドのリーグニッツ近郊でドイツ・ポーランド連合軍を破ったとされる戦いは何か。,ワールシュタットの戦い
7,55,モンゴル帝国の形成,大モンゴル国の第3代カアンに即位したが、在位わずか2年で急死した人物は誰か。,グユク
7,55,モンゴル帝国の形成,大モンゴル国の第４代カアンとなったのは誰か。,モンケ
7,55,モンゴル帝国の形成,４代カアンの命で西アジアに遠征し、アッバース朝を滅ぼしたのは誰か。,フレグ
7,55,モンゴル帝国の形成,大モンゴル国の第５代カアンとなったのは誰か。,クビライ
7,55,モンゴル帝国の形成,大モンゴル国が1264年に遷都した都市はどこか。,大都
7,55,モンゴル帝国の形成,大モンゴル国による遷都ののち、1271年に定めた中国風の国号は何か。,元(大元ウルス)
7,55,モンゴル帝国の形成,クビライの即位に反発し、中央アジアで独自の勢力を築き、元朝と対立を続けた反乱を何というか。,カイドゥの乱
7,55,モンゴル帝国の形成,大モンゴル国の分裂後、キプチャク＝ハン国の都としてヴォルガ川下流域に建設された都市を何というか。,サライ
7,55,モンゴル帝国の形成,イル＝ハン国の都として栄え、東西交易の拠点となった、現在のイラン北西部に位置する都市はどこか。,タブリーズ
7,55,モンゴル帝国の形成,チャガタイ＝ハン国の都として栄え、東西交易の拠点になった、現在の新疆ウイグル自治区付近にあった都市はどこか。,アルマリク
7,56,元の支配・滅亡/元代の周辺諸国,元において、軍事を統括した機関は何か。,枢密院
7,56,元の支配・滅亡/元代の周辺諸国,元でモンゴル人のつぎに重用され、財政・文化面で活躍した中央アジア・西アジア出身の人びとを何と呼んだか。,色目人
7,56,元の支配・滅亡/元代の周辺諸国,元の時代、旧金朝支配下の住民を何と総称したか。,漢人
7,56,元の支配・滅亡/元代の周辺諸国,元の時代、旧南宋支配下の住民は最下位におかれた。彼らのことを何と総称したか。,南人
7,56,元の支配・滅亡/元代の周辺諸国,モンゴル帝国で創設され、元代、主要道路10里ごとに駅をおく交通制度が完備された。これをモンゴル語で何と呼ぶか。,ジャムチ
7,56,元の支配・滅亡/元代の周辺諸国,マルコ＝ポーロが、ザイトンと呼び、世界第一の港市として紹介した福建省の都市はどこか。,泉州
7,56,元の支配・滅亡/元代の周辺諸国,金朝についで、元朝でも発行された紙幣は何か。,交鈔
7,56,元の支配・滅亡/元代の周辺諸国,元末、韓山童・韓林児親子を指導者に、白蓮教を中心に江南で始まった農民反乱は何か。,紅巾の乱
7,56,元の支配・滅亡/元代の周辺諸国,紅巾の乱を契機に頭角を現し、元を北へ追いやって明を建国した初代皇帝は誰か。,朱元璋
7,56,元の支配・滅亡/元代の周辺諸国,明に大都を奪われモンゴル高原に退いたのち、２代続いた元は、何と呼ばれたか。,北元
7,56,元の支配・滅亡/元代の周辺諸国,14世紀に中央アジアで勢力を築き、サマルカンドを都として王朝を建てたトルコ系イスラーム王朝の創始者は誰か。,ティムール
7,56,元の支配・滅亡/元代の周辺諸国,タイ人がインドシナ半島で最初に樹立した王朝は何か。,スコータイ朝
7,56,元の支配・滅亡/元代の周辺諸国,14世紀半ばに建てられ、中国・日本やヨーロッパとの貿易で繁栄したタイの王朝は何か。,アユタヤ朝
7,56,元の支配・滅亡/元代の周辺諸国,13世紀前半～1400年に存続し、元軍の侵攻を撃退した北部ベトナム・大越国の王朝は何か。,陳朝
7,56,元の支配・滅亡/元代の周辺諸国,13世紀末、元軍を撃退して東部ジャワに成立したヒンドゥー王国は何か。,マジャパヒト王国
7,56,元の支配・滅亡/元代の周辺諸国,日元貿易によって日本にもたらされた貨幣は何か。,銅銭